date,inflation,interest_rate
2015-01-01,5.54,6.5
2015-01-02,5.52,6.51
2015-01-05,5.53,6.52
2015-01-06,5.55,6.52
2015-01-07,5.55,6.51
2015-01-08,5.55,6.54
2015-01-09,5.56,6.53
2015-01-12,5.57,6.56
2015-01-13,5.55,6.58
2015-01-14,5.52,6.57
2015-01-15,5.49,6.58
2015-01-16,5.48,6.57
2015-01-19,5.51,6.56
2015-01-20,5.5,6.57
2015-01-21,5.5,6.6
2015-01-22,5.54,6.58
2015-01-23,5.53,6.57
2015-01-26,5.52,6.57
2015-01-27,5.52,6.58
2015-01-28,5.54,6.55
2015-01-29,5.53,6.55
2015-01-30,5.55,6.55
2015-02-02,5.55,6.55
2015-02-03,5.55,6.54
2015-02-04,5.51,6.55
2015-02-05,5.53,6.56
2015-02-06,5.5,6.56
2015-02-09,5.49,6.57
2015-02-10,5.5,6.58
2015-02-11,5.5,6.55
2015-02-12,5.5,6.56
2015-02-13,5.48,6.59
2015-02-16,5.46,6.59
2015-02-17,5.46,6.61
2015-02-18,5.48,6.6
2015-02-19,5.49,6.62
2015-02-20,5.52,6.62
2015-02-23,5.54,6.62
2015-02-24,5.55,6.63
2015-02-25,5.56,6.64
2015-02-26,5.59,6.63
2015-02-27,5.61,6.63
2015-03-02,5.62,6.61
2015-03-03,5.62,6.64
2015-03-04,5.63,6.66
2015-03-05,5.6,6.65
2015-03-06,5.58,6.63
2015-03-09,5.6,6.63
2015-03-10,5.58,6.64
2015-03-11,5.62,6.66
2015-03-12,5.57,6.67
2015-03-13,5.58,6.67
2015-03-16,5.6,6.66
2015-03-17,5.61,6.69
2015-03-18,5.62,6.71
2015-03-19,5.62,6.72
2015-03-20,5.64,6.71
2015-03-23,5.62,6.72
2015-03-24,5.6,6.7
2015-03-25,5.59,6.72
2015-03-26,5.62,6.71
2015-03-27,5.59,6.73
2015-03-30,5.6,6.75
2015-03-31,5.58,6.73
2015-04-01,5.57,6.73
2015-04-02,5.56,6.73
2015-04-03,5.61,6.72
2015-04-06,5.63,6.72
2015-04-07,5.65,6.71
2015-04-08,5.65,6.71
2015-04-09,5.67,6.72
2015-04-10,5.64,6.7
2015-04-13,5.67,6.69
2015-04-14,5.71,6.68
2015-04-15,5.72,6.69
2015-04-16,5.7,6.67
2015-04-17,5.67,6.71
2015-04-20,5.68,6.7
2015-04-21,5.67,6.7
2015-04-22,5.64,6.71
2015-04-23,5.62,6.73
2015-04-24,5.63,6.71
2015-04-27,5.65,6.7
2015-04-28,5.65,6.7
2015-04-29,5.67,6.7
2015-04-30,5.66,6.71
2015-05-01,5.69,6.72
2015-05-04,5.72,6.73
2015-05-05,5.72,6.73
2015-05-06,5.72,6.74
2015-05-07,5.68,6.73
2015-05-08,5.66,6.75
2015-05-11,5.63,6.75
2015-05-12,5.61,6.75
2015-05-13,5.63,6.74
2015-05-14,5.67,6.72
2015-05-15,5.68,6.72
2015-05-18,5.69,6.72
2015-05-19,5.68,6.7
2015-05-20,5.65,6.72
2015-05-21,5.65,6.72
2015-05-22,5.65,6.73
2015-05-25,5.66,6.77
2015-05-26,5.68,6.77
2015-05-27,5.7,6.78
2015-05-28,5.69,6.77
2015-05-29,5.68,6.77
2015-06-01,5.67,6.77
2015-06-02,5.67,6.77
2015-06-03,5.69,6.78
2015-06-04,5.68,6.76
2015-06-05,5.66,6.76
2015-06-08,5.65,6.73
2015-06-09,5.61,6.73
2015-06-10,5.58,6.7
2015-06-11,5.57,6.7
2015-06-12,5.58,6.72
2015-06-15,5.55,6.71
2015-06-16,5.53,6.72
2015-06-17,5.54,6.72
2015-06-18,5.51,6.73
2015-06-19,5.49,6.73
2015-06-22,5.47,6.74
2015-06-23,5.49,6.75
2015-06-24,5.52,6.75
2015-06-25,5.53,6.74
2015-06-26,5.53,6.75
2015-06-29,5.55,6.74
2015-06-30,5.53,6.73
2015-07-01,5.55,6.74
2015-07-02,5.52,6.73
2015-07-03,5.52,6.73
2015-07-06,5.54,6.75
2015-07-07,5.55,6.77
2015-07-08,5.56,6.75
2015-07-09,5.53,6.75
2015-07-10,5.5,6.74
2015-07-13,5.5,6.73
2015-07-14,5.46,6.74
2015-07-15,5.47,6.74
2015-07-16,5.5,6.75
2015-07-17,5.51,6.75
2015-07-20,5.56,6.75
2015-07-21,5.55,6.74
2015-07-22,5.53,6.73
2015-07-23,5.53,6.75
2015-07-24,5.54,6.72
2015-07-27,5.53,6.71
2015-07-28,5.55,6.73
2015-07-29,5.51,6.72
2015-07-30,5.51,6.74
2015-07-31,5.49,6.71
2015-08-03,5.48,6.72
2015-08-04,5.5,6.73
2015-08-05,5.47,6.73
2015-08-06,5.45,6.72
2015-08-07,5.39,6.74
2015-08-10,5.4,6.73
2015-08-11,5.42,6.75
2015-08-12,5.42,6.77
2015-08-13,5.41,6.79
2015-08-14,5.4,6.81
2015-08-17,5.4,6.81
2015-08-18,5.4,6.82
2015-08-19,5.38,6.84
2015-08-20,5.37,6.84
2015-08-21,5.38,6.83
2015-08-24,5.39,6.8
2015-08-25,5.38,6.79
2015-08-26,5.39,6.76
2015-08-27,5.4,6.77
2015-08-28,5.37,6.76
2015-08-31,5.4,6.77
2015-09-01,5.42,6.76
2015-09-02,5.41,6.78
2015-09-03,5.38,6.77
2015-09-04,5.35,6.75
2015-09-07,5.34,6.74
2015-09-08,5.33,6.74
2015-09-09,5.32,6.76
2015-09-10,5.32,6.77
2015-09-11,5.3,6.75
2015-09-14,5.3,6.76
2015-09-15,5.3,6.75
2015-09-16,5.3,6.78
2015-09-17,5.32,6.77
2015-09-18,5.32,6.75
2015-09-21,5.34,6.74
2015-09-22,5.36,6.74
2015-09-23,5.39,6.73
2015-09-24,5.39,6.72
2015-09-25,5.37,6.73
2015-09-28,5.35,6.74
2015-09-29,5.34,6.72
2015-09-30,5.34,6.72
2015-10-01,5.34,6.73
2015-10-02,5.33,6.74
2015-10-05,5.33,6.74
2015-10-06,5.29,6.77
2015-10-07,5.32,6.73
2015-10-08,5.31,6.77
2015-10-09,5.29,6.75
2015-10-12,5.28,6.76
2015-10-13,5.26,6.77
2015-10-14,5.28,6.76
2015-10-15,5.3,6.76
2015-10-16,5.31,6.74
2015-10-19,5.31,6.75
2015-10-20,5.33,6.75
2015-10-21,5.3,6.78
2015-10-22,5.3,6.78
2015-10-23,5.33,6.79
2015-10-26,5.32,6.79
2015-10-27,5.29,6.8
2015-10-28,5.26,6.8
2015-10-29,5.28,6.83
2015-10-30,5.25,6.83
2015-11-02,5.26,6.81
2015-11-03,5.27,6.81
2015-11-04,5.29,6.81
2015-11-05,5.29,6.78
2015-11-06,5.29,6.77
2015-11-09,5.32,6.77
2015-11-10,5.33,6.78
2015-11-11,5.33,6.76
2015-11-12,5.32,6.78
2015-11-13,5.38,6.75
2015-11-16,5.35,6.76
2015-11-17,5.32,6.74
2015-11-18,5.32,6.74
2015-11-19,5.34,6.76
2015-11-20,5.39,6.75
2015-11-23,5.4,6.74
2015-11-24,5.39,6.75
2015-11-25,5.37,6.75
2015-11-26,5.39,6.74
2015-11-27,5.41,6.73
2015-11-30,5.38,6.73
2015-12-01,5.35,6.71
2015-12-02,5.37,6.71
2015-12-03,5.36,6.73
2015-12-04,5.35,6.72
2015-12-07,5.36,6.7
2015-12-08,5.37,6.69
2015-12-09,5.37,6.69
2015-12-10,5.38,6.69
2015-12-11,5.37,6.68
2015-12-14,5.39,6.66
2015-12-15,5.39,6.66
2015-12-16,5.41,6.64
2015-12-17,5.42,6.65
2015-12-18,5.42,6.64
2015-12-21,5.44,6.64
2015-12-22,5.46,6.64
2015-12-23,5.48,6.65
2015-12-24,5.5,6.67
2015-12-25,5.52,6.67
2015-12-28,5.49,6.67
2015-12-29,5.47,6.68
2015-12-30,5.44,6.69
2015-12-31,5.42,6.7
2016-01-01,5.41,6.71
2016-01-04,5.41,6.72
2016-01-05,5.41,6.73
2016-01-06,5.43,6.71
2016-01-07,5.42,6.73
2016-01-08,5.41,6.74
2016-01-11,5.41,6.73
2016-01-12,5.41,6.75
2016-01-13,5.42,6.75
2016-01-14,5.42,6.72
2016-01-15,5.4,6.72
2016-01-18,5.35,6.72
2016-01-19,5.33,6.72
2016-01-20,5.32,6.73
2016-01-21,5.33,6.72
2016-01-22,5.31,6.71
2016-01-25,5.32,6.7
2016-01-26,5.3,6.69
2016-01-27,5.33,6.7
2016-01-28,5.34,6.71
2016-01-29,5.29,6.7
2016-02-01,5.29,6.7
2016-02-02,5.26,6.72
2016-02-03,5.29,6.73
2016-02-04,5.28,6.72
2016-02-05,5.3,6.72
2016-02-08,5.26,6.72
2016-02-09,5.28,6.73
2016-02-10,5.32,6.76
2016-02-11,5.31,6.77
2016-02-12,5.33,6.75
2016-02-15,5.36,6.75
2016-02-16,5.35,6.73
2016-02-17,5.34,6.73
2016-02-18,5.35,6.71
2016-02-19,5.35,6.72
2016-02-22,5.38,6.71
2016-02-23,5.37,6.7
2016-02-24,5.39,6.7
2016-02-25,5.36,6.7
2016-02-26,5.37,6.7
2016-02-29,5.36,6.72
2016-03-01,5.37,6.74
2016-03-02,5.35,6.73
2016-03-03,5.38,6.73
2016-03-04,5.4,6.74
2016-03-07,5.4,6.74
2016-03-08,5.41,6.72
2016-03-09,5.39,6.73
2016-03-10,5.38,6.74
2016-03-11,5.39,6.76
2016-03-14,5.42,6.74
2016-03-15,5.39,6.72
2016-03-16,5.41,6.72
2016-03-17,5.4,6.72
2016-03-18,5.43,6.72
2016-03-21,5.46,6.72
2016-03-22,5.45,6.72
2016-03-23,5.46,6.7
2016-03-24,5.46,6.68
2016-03-25,5.44,6.65
2016-03-28,5.42,6.65
2016-03-29,5.4,6.66
2016-03-30,5.39,6.64
2016-03-31,5.43,6.66
2016-04-01,5.44,6.66
2016-04-04,5.46,6.65
2016-04-05,5.46,6.63
2016-04-06,5.45,6.62
2016-04-07,5.47,6.63
2016-04-08,5.46,6.65
2016-04-11,5.45,6.65
2016-04-12,5.47,6.65
2016-04-13,5.47,6.65
2016-04-14,5.48,6.65
2016-04-15,5.47,6.64
2016-04-18,5.47,6.61
2016-04-19,5.43,6.63
2016-04-20,5.43,6.63
2016-04-21,5.45,6.61
2016-04-22,5.46,6.61
2016-04-25,5.46,6.59
2016-04-26,5.45,6.58
2016-04-27,5.45,6.61
2016-04-28,5.51,6.59
2016-04-29,5.51,6.6
2016-05-02,5.5,6.64
2016-05-03,5.47,6.65
2016-05-04,5.48,6.69
2016-05-05,5.48,6.66
2016-05-06,5.49,6.65
2016-05-09,5.51,6.65
2016-05-10,5.54,6.65
2016-05-11,5.55,6.64
2016-05-12,5.52,6.66
2016-05-13,5.54,6.65
2016-05-16,5.52,6.66
2016-05-17,5.52,6.64
2016-05-18,5.49,6.62
2016-05-19,5.51,6.64
2016-05-20,5.48,6.65
2016-05-23,5.49,6.63
2016-05-24,5.49,6.63
2016-05-25,5.5,6.64
2016-05-26,5.51,6.63
2016-05-27,5.5,6.6
2016-05-30,5.47,6.61
2016-05-31,5.5,6.6
2016-06-01,5.51,6.61
2016-06-02,5.52,6.61
2016-06-03,5.49,6.6
2016-06-06,5.49,6.58
2016-06-07,5.49,6.58
2016-06-08,5.48,6.57
2016-06-09,5.47,6.59
2016-06-10,5.45,6.58
2016-06-13,5.49,6.58
2016-06-14,5.53,6.55
2016-06-15,5.51,6.55
2016-06-16,5.55,6.53
2016-06-17,5.54,6.55
2016-06-20,5.53,6.57
2016-06-21,5.52,6.57
2016-06-22,5.49,6.58
2016-06-23,5.49,6.57
2016-06-24,5.45,6.57
2016-06-27,5.46,6.57
2016-06-28,5.45,6.54
2016-06-29,5.43,6.53
2016-06-30,5.43,6.52
2016-07-01,5.43,6.54
2016-07-04,5.43,6.56
2016-07-05,5.46,6.58
2016-07-06,5.49,6.59
2016-07-07,5.46,6.59
2016-07-08,5.41,6.57
2016-07-11,5.42,6.54
2016-07-12,5.42,6.53
2016-07-13,5.45,6.51
2016-07-14,5.47,6.52
2016-07-15,5.46,6.54
2016-07-18,5.47,6.54
2016-07-19,5.47,6.53
2016-07-20,5.44,6.54
2016-07-21,5.41,6.53
2016-07-22,5.41,6.53
2016-07-25,5.42,6.53
2016-07-26,5.44,6.54
2016-07-27,5.46,6.55
2016-07-28,5.45,6.54
2016-07-29,5.47,6.53
2016-08-01,5.47,6.51
2016-08-02,5.47,6.51
2016-08-03,5.46,6.52
2016-08-04,5.46,6.52
2016-08-05,5.47,6.55
2016-08-08,5.48,6.55
2016-08-09,5.51,6.58
2016-08-10,5.48,6.57
2016-08-11,5.48,6.57
2016-08-12,5.47,6.6
2016-08-15,5.48,6.61
2016-08-16,5.47,6.63
2016-08-17,5.47,6.63
2016-08-18,5.51,6.65
2016-08-19,5.47,6.65
2016-08-22,5.47,6.64
2016-08-23,5.46,6.62
2016-08-24,5.46,6.62
2016-08-25,5.45,6.63
2016-08-26,5.45,6.61
2016-08-29,5.44,6.6
2016-08-30,5.42,6.6
2016-08-31,5.45,6.6
2016-09-01,5.47,6.58
2016-09-02,5.47,6.59
2016-09-05,5.46,6.6
2016-09-06,5.44,6.59
2016-09-07,5.47,6.58
2016-09-08,5.46,6.58
2016-09-09,5.46,6.59
2016-09-12,5.45,6.59
2016-09-13,5.44,6.59
2016-09-14,5.48,6.57
2016-09-15,5.48,6.57
2016-09-16,5.47,6.56
2016-09-19,5.48,6.57
2016-09-20,5.48,6.59
2016-09-21,5.48,6.6
2016-09-22,5.47,6.61
2016-09-23,5.44,6.6
2016-09-26,5.44,6.59
2016-09-27,5.43,6.59
2016-09-28,5.45,6.58
2016-09-29,5.37,6.56
2016-09-30,5.4,6.55
2016-10-03,5.42,6.55
2016-10-04,5.39,6.55
2016-10-05,5.4,6.55
2016-10-06,5.4,6.55
2016-10-07,5.4,6.54
2016-10-10,5.39,6.54
2016-10-11,5.37,6.52
2016-10-12,5.38,6.53
2016-10-13,5.38,6.54
2016-10-14,5.36,6.54
2016-10-17,5.35,6.54
2016-10-18,5.34,6.55
2016-10-19,5.35,6.56
2016-10-20,5.32,6.56
2016-10-21,5.31,6.53
2016-10-24,5.36,6.57
2016-10-25,5.33,6.6
2016-10-26,5.36,6.6
2016-10-27,5.33,6.57
2016-10-28,5.32,6.58
2016-10-31,5.31,6.57
2016-11-01,5.32,6.58
2016-11-02,5.34,6.58
2016-11-03,5.32,6.56
2016-11-04,5.29,6.56
2016-11-07,5.3,6.55
2016-11-08,5.31,6.58
2016-11-09,5.27,6.57
2016-11-10,5.28,6.58
2016-11-11,5.29,6.58
2016-11-14,5.28,6.57
2016-11-15,5.27,6.57
2016-11-16,5.27,6.58
2016-11-17,5.28,6.6
2016-11-18,5.28,6.6
2016-11-21,5.29,6.58
2016-11-22,5.32,6.61
2016-11-23,5.35,6.61
2016-11-24,5.33,6.61
2016-11-25,5.35,6.6
2016-11-28,5.36,6.59
2016-11-29,5.35,6.58
2016-11-30,5.37,6.55
2016-12-01,5.36,6.55
2016-12-02,5.36,6.55
2016-12-05,5.36,6.57
2016-12-06,5.36,6.58
2016-12-07,5.34,6.58
2016-12-08,5.36,6.61
2016-12-09,5.36,6.6
2016-12-12,5.37,6.62
2016-12-13,5.36,6.62
2016-12-14,5.4,6.6
2016-12-15,5.44,6.63
2016-12-16,5.46,6.62
2016-12-19,5.44,6.62
2016-12-20,5.41,6.63
2016-12-21,5.45,6.6
2016-12-22,5.4,6.59
2016-12-23,5.41,6.59
2016-12-26,5.39,6.59
2016-12-27,5.41,6.59
2016-12-28,5.45,6.59
2016-12-29,5.46,6.59
2016-12-30,5.44,6.57
2017-01-02,5.44,6.57
2017-01-03,5.42,6.54
2017-01-04,5.42,6.59
2017-01-05,5.43,6.6
2017-01-06,5.41,6.6
2017-01-09,5.43,6.58
2017-01-10,5.42,6.57
2017-01-11,5.41,6.56
2017-01-12,5.43,6.57
2017-01-13,5.41,6.53
2017-01-16,5.45,6.51
2017-01-17,5.45,6.55
2017-01-18,5.45,6.55
2017-01-19,5.47,6.56
2017-01-20,5.48,6.54
2017-01-23,5.46,6.56
2017-01-24,5.48,6.54
2017-01-25,5.49,6.55
2017-01-26,5.49,6.57
2017-01-27,5.49,6.55
2017-01-30,5.49,6.53
2017-01-31,5.49,6.53
2017-02-01,5.51,6.53
2017-02-02,5.49,6.54
2017-02-03,5.49,6.53
2017-02-06,5.48,6.54
2017-02-07,5.47,6.58
2017-02-08,5.45,6.57
2017-02-09,5.46,6.57
2017-02-10,5.46,6.56
2017-02-13,5.47,6.59
2017-02-14,5.43,6.59
2017-02-15,5.45,6.56
2017-02-16,5.47,6.56
2017-02-17,5.49,6.59
2017-02-20,5.52,6.6
2017-02-21,5.48,6.59
2017-02-22,5.48,6.6
2017-02-23,5.49,6.62
2017-02-24,5.5,6.63
2017-02-27,5.48,6.63
2017-02-28,5.45,6.65
2017-03-01,5.46,6.67
2017-03-02,5.47,6.67
2017-03-03,5.46,6.69
2017-03-06,5.46,6.69
2017-03-07,5.46,6.68
2017-03-08,5.43,6.66
2017-03-09,5.41,6.65
2017-03-10,5.44,6.67
2017-03-13,5.44,6.66
2017-03-14,5.42,6.64
2017-03-15,5.44,6.64
2017-03-16,5.45,6.63
2017-03-17,5.45,6.63
2017-03-20,5.47,6.61
2017-03-21,5.44,6.59
2017-03-22,5.4,6.59
2017-03-23,5.42,6.59
2017-03-24,5.4,6.59
2017-03-27,5.4,6.57
2017-03-28,5.38,6.57
2017-03-29,5.38,6.57
2017-03-30,5.36,6.56
2017-03-31,5.36,6.58
2017-04-03,5.33,6.57
2017-04-04,5.33,6.57
2017-04-05,5.35,6.57
2017-04-06,5.33,6.56
2017-04-07,5.34,6.56
2017-04-10,5.35,6.54
2017-04-11,5.33,6.54
2017-04-12,5.33,6.56
2017-04-13,5.33,6.55
2017-04-14,5.34,6.56
2017-04-17,5.37,6.57
2017-04-18,5.38,6.56
2017-04-19,5.39,6.56
2017-04-20,5.4,6.55
2017-04-21,5.42,6.54
2017-04-24,5.42,6.53
2017-04-25,5.47,6.53
2017-04-26,5.47,6.54
2017-04-27,5.48,6.55
2017-04-28,5.46,6.53
2017-05-01,5.48,6.54
2017-05-02,5.49,6.51
2017-05-03,5.49,6.52
2017-05-04,5.48,6.52
2017-05-05,5.51,6.52
2017-05-08,5.5,6.54
2017-05-09,5.5,6.56
2017-05-10,5.46,6.56
2017-05-11,5.44,6.56
2017-05-12,5.44,6.56
2017-05-15,5.42,6.55
2017-05-16,5.44,6.56
2017-05-17,5.46,6.56
2017-05-18,5.44,6.55
2017-05-19,5.45,6.56
2017-05-22,5.44,6.57
2017-05-23,5.4,6.57
2017-05-24,5.38,6.59
2017-05-25,5.37,6.6
2017-05-26,5.37,6.58
2017-05-29,5.36,6.6
2017-05-30,5.37,6.58
2017-05-31,5.38,6.58
2017-06-01,5.4,6.57
2017-06-02,5.43,6.55
2017-06-05,5.44,6.56
2017-06-06,5.39,6.59
2017-06-07,5.38,6.58
2017-06-08,5.38,6.56
2017-06-09,5.38,6.57
2017-06-12,5.34,6.58
2017-06-13,5.32,6.58
2017-06-14,5.3,6.56
2017-06-15,5.32,6.56
2017-06-16,5.29,6.56
2017-06-19,5.27,6.57
2017-06-20,5.3,6.59
2017-06-21,5.3,6.59
2017-06-22,5.29,6.6
2017-06-23,5.3,6.61
2017-06-26,5.29,6.6
2017-06-27,5.27,6.58
2017-06-28,5.29,6.57
2017-06-29,5.28,6.56
2017-06-30,5.28,6.59
2017-07-03,5.26,6.57
2017-07-04,5.28,6.57
2017-07-05,5.29,6.56
2017-07-06,5.31,6.57
2017-07-07,5.32,6.57
2017-07-10,5.35,6.56
2017-07-11,5.35,6.57
2017-07-12,5.31,6.58
2017-07-13,5.33,6.59
2017-07-14,5.33,6.58
2017-07-17,5.33,6.59
2017-07-18,5.34,6.58
2017-07-19,5.35,6.57
2017-07-20,5.33,6.58
2017-07-21,5.36,6.57
2017-07-24,5.37,6.57
2017-07-25,5.35,6.57
2017-07-26,5.37,6.57
2017-07-27,5.37,6.54
2017-07-28,5.36,6.53
2017-07-31,5.35,6.53
2017-08-01,5.34,6.53
2017-08-02,5.3,6.54
2017-08-03,5.3,6.54
2017-08-04,5.32,6.54
2017-08-07,5.35,6.54
2017-08-08,5.36,6.51
2017-08-09,5.34,6.51
2017-08-10,5.33,6.48
2017-08-11,5.32,6.48
2017-08-14,5.31,6.49
2017-08-15,5.26,6.47
2017-08-16,5.28,6.47
2017-08-17,5.29,6.48
2017-08-18,5.32,6.47
2017-08-21,5.32,6.48
2017-08-22,5.32,6.46
2017-08-23,5.3,6.44
2017-08-24,5.31,6.43
2017-08-25,5.31,6.43
2017-08-28,5.33,6.42
2017-08-29,5.36,6.4
2017-08-30,5.35,6.41
2017-08-31,5.33,6.38
2017-09-01,5.37,6.39
2017-09-04,5.37,6.4
2017-09-05,5.38,6.39
2017-09-06,5.38,6.38
2017-09-07,5.37,6.41
2017-09-08,5.38,6.43
2017-09-11,5.41,6.44
2017-09-12,5.37,6.43
2017-09-13,5.37,6.43
2017-09-14,5.39,6.44
2017-09-15,5.39,6.42
2017-09-18,5.35,6.44
2017-09-19,5.36,6.44
2017-09-20,5.33,6.41
2017-09-21,5.34,6.41
2017-09-22,5.36,6.41
2017-09-25,5.35,6.42
2017-09-26,5.36,6.4
2017-09-27,5.38,6.41
2017-09-28,5.39,6.4
2017-09-29,5.38,6.38
2017-10-02,5.36,6.35
2017-10-03,5.36,6.33
2017-10-04,5.34,6.35
2017-10-05,5.32,6.33
2017-10-06,5.32,6.3
2017-10-09,5.32,6.33
2017-10-10,5.35,6.3
2017-10-11,5.33,6.32
2017-10-12,5.33,6.3
2017-10-13,5.36,6.31
2017-10-16,5.35,6.29
2017-10-17,5.33,6.32
2017-10-18,5.34,6.34
2017-10-19,5.32,6.32
2017-10-20,5.31,6.32
2017-10-23,5.3,6.33
2017-10-24,5.31,6.36
2017-10-25,5.33,6.38
2017-10-26,5.37,6.39
2017-10-27,5.35,6.41
2017-10-30,5.36,6.43
2017-10-31,5.32,6.43
2017-11-01,5.34,6.4
2017-11-02,5.33,6.39
2017-11-03,5.36,6.4
2017-11-06,5.37,6.42
2017-11-07,5.38,6.44
2017-11-08,5.37,6.42
2017-11-09,5.36,6.45
2017-11-10,5.36,6.41
2017-11-13,5.38,6.43
2017-11-14,5.34,6.43
2017-11-15,5.33,6.44
2017-11-16,5.36,6.43
2017-11-17,5.33,6.43
2017-11-20,5.34,6.44
2017-11-21,5.32,6.44
2017-11-22,5.34,6.46
2017-11-23,5.34,6.44
2017-11-24,5.37,6.42
2017-11-27,5.34,6.44
2017-11-28,5.3,6.43
2017-11-29,5.33,6.45
2017-11-30,5.33,6.45
2017-12-01,5.33,6.46
2017-12-04,5.33,6.45
2017-12-05,5.34,6.47
2017-12-06,5.35,6.45
2017-12-07,5.36,6.41
2017-12-08,5.37,6.42
2017-12-11,5.37,6.41
2017-12-12,5.35,6.45
2017-12-13,5.37,6.46
2017-12-14,5.38,6.43
2017-12-15,5.35,6.46
2017-12-18,5.32,6.49
2017-12-19,5.34,6.49
2017-12-20,5.32,6.47
2017-12-21,5.33,6.46
2017-12-22,5.31,6.48
2017-12-25,5.31,6.45
2017-12-26,5.31,6.43
2017-12-27,5.34,6.41
2017-12-28,5.34,6.4
2017-12-29,5.37,6.41
2018-01-01,5.37,6.4
2018-01-02,5.35,6.39
2018-01-03,5.35,6.4
2018-01-04,5.33,6.41
2018-01-05,5.32,6.38
2018-01-08,5.31,6.35
2018-01-09,5.34,6.32
2018-01-10,5.33,6.3
2018-01-11,5.33,6.31
2018-01-12,5.32,6.3
2018-01-15,5.34,6.31
2018-01-16,5.29,6.32
2018-01-17,5.28,6.33
2018-01-18,5.28,6.34
2018-01-19,5.28,6.31
2018-01-22,5.27,6.3
2018-01-23,5.25,6.3
2018-01-24,5.28,6.3
2018-01-25,5.31,6.3
2018-01-26,5.31,6.3
2018-01-29,5.32,6.3
2018-01-30,5.31,6.3
2018-01-31,5.28,6.28
2018-02-01,5.27,6.28
2018-02-02,5.31,6.29
2018-02-05,5.29,6.33
2018-02-06,5.26,6.35
2018-02-07,5.26,6.34
2018-02-08,5.25,6.36
2018-02-09,5.24,6.37
2018-02-12,5.25,6.4
2018-02-13,5.25,6.41
2018-02-14,5.21,6.41
2018-02-15,5.24,6.39
2018-02-16,5.26,6.39
2018-02-19,5.27,6.37
2018-02-20,5.28,6.39
2018-02-21,5.27,6.41
2018-02-22,5.28,6.4
2018-02-23,5.28,6.42
2018-02-26,5.27,6.45
2018-02-27,5.28,6.48
2018-02-28,5.32,6.48
2018-03-01,5.32,6.45
2018-03-02,5.31,6.44
2018-03-05,5.29,6.47
2018-03-06,5.29,6.45
2018-03-07,5.29,6.45
2018-03-08,5.33,6.43
2018-03-09,5.3,6.41
2018-03-12,5.29,6.43
2018-03-13,5.28,6.42
2018-03-14,5.27,6.42
2018-03-15,5.27,6.41
2018-03-16,5.27,6.42
2018-03-19,5.24,6.44
2018-03-20,5.25,6.41
2018-03-21,5.26,6.42
2018-03-22,5.28,6.42
2018-03-23,5.3,6.4
2018-03-26,5.27,6.39
2018-03-27,5.28,6.39
2018-03-28,5.29,6.38
2018-03-29,5.28,6.38
2018-03-30,5.28,6.37
2018-04-02,5.27,6.35
2018-04-03,5.28,6.35
2018-04-04,5.28,6.36
2018-04-05,5.3,6.36
2018-04-06,5.31,6.38
2018-04-09,5.34,6.37
2018-04-10,5.32,6.37
2018-04-11,5.34,6.38
2018-04-12,5.35,6.36
2018-04-13,5.4,6.33
2018-04-16,5.42,6.34
2018-04-17,5.43,6.34
2018-04-18,5.43,6.35
2018-04-19,5.42,6.36
2018-04-20,5.39,6.35
2018-04-23,5.34,6.37
2018-04-24,5.36,6.36
2018-04-25,5.35,6.34
2018-04-26,5.34,6.32
2018-04-27,5.32,6.33
2018-04-30,5.28,6.34
2018-05-01,5.29,6.32
2018-05-02,5.29,6.33
2018-05-03,5.28,6.33
2018-05-04,5.29,6.34
2018-05-07,5.27,6.34
2018-05-08,5.25,6.33
2018-05-09,5.25,6.32
2018-05-10,5.22,6.31
2018-05-11,5.23,6.29
2018-05-14,5.23,6.32
2018-05-15,5.27,6.33
2018-05-16,5.25,6.32
2018-05-17,5.26,6.33
2018-05-18,5.26,6.34
2018-05-21,5.23,6.3
2018-05-22,5.24,6.28
2018-05-23,5.22,6.26
2018-05-24,5.25,6.24
2018-05-25,5.23,6.23
2018-05-28,5.22,6.23
2018-05-29,5.24,6.24
2018-05-30,5.26,6.22
2018-05-31,5.29,6.22
2018-06-01,5.29,6.22
2018-06-04,5.27,6.2
2018-06-05,5.28,6.21
2018-06-06,5.29,6.19
2018-06-07,5.28,6.2
2018-06-08,5.3,6.21
2018-06-11,5.31,6.22
2018-06-12,5.3,6.2
2018-06-13,5.3,6.19
2018-06-14,5.29,6.18
2018-06-15,5.28,6.18
2018-06-18,5.25,6.2
2018-06-19,5.25,6.21
2018-06-20,5.24,6.2
2018-06-21,5.22,6.18
2018-06-22,5.24,6.17
2018-06-25,5.23,6.17
2018-06-26,5.25,6.16
2018-06-27,5.26,6.16
2018-06-28,5.22,6.15
2018-06-29,5.26,6.14
2018-07-02,5.26,6.12
2018-07-03,5.26,6.11
2018-07-04,5.26,6.1
2018-07-05,5.27,6.12
2018-07-06,5.3,6.11
2018-07-09,5.3,6.1
2018-07-10,5.31,6.13
2018-07-11,5.28,6.14
2018-07-12,5.3,6.14
2018-07-13,5.27,6.13
2018-07-16,5.3,6.11
2018-07-17,5.28,6.12
2018-07-18,5.31,6.11
2018-07-19,5.32,6.08
2018-07-20,5.32,6.07
2018-07-23,5.34,6.05
2018-07-24,5.3,6.05
2018-07-25,5.29,6.06
2018-07-26,5.32,6.07
2018-07-27,5.33,6.08
2018-07-30,5.31,6.07
2018-07-31,5.29,6.07
2018-08-01,5.3,6.08
2018-08-02,5.31,6.08
2018-08-03,5.31,6.06
2018-08-06,5.29,6.07
2018-08-07,5.29,6.06
2018-08-08,5.27,6.1
2018-08-09,5.3,6.09
2018-08-10,5.32,6.09
2018-08-13,5.29,6.09
2018-08-14,5.25,6.09
2018-08-15,5.29,6.05
2018-08-16,5.33,6.04
2018-08-17,5.36,6.03
2018-08-20,5.35,6.01
2018-08-21,5.34,6.02
2018-08-22,5.36,6.02
2018-08-23,5.36,5.99
2018-08-24,5.35,5.95
2018-08-27,5.34,5.94
2018-08-28,5.35,5.95
2018-08-29,5.33,5.96
2018-08-30,5.33,5.95
2018-08-31,5.32,5.97
2018-09-03,5.32,5.98
2018-09-04,5.36,5.97
2018-09-05,5.36,5.98
2018-09-06,5.36,5.97
2018-09-07,5.4,5.97
2018-09-10,5.38,5.96
2018-09-11,5.38,5.99
2018-09-12,5.41,5.99
2018-09-13,5.42,6.0
2018-09-14,5.45,6.0
2018-09-17,5.42,6.02
2018-09-18,5.46,6.01
2018-09-19,5.44,6.0
2018-09-20,5.45,6.0
2018-09-21,5.47,6.0
2018-09-24,5.47,5.99
2018-09-25,5.48,5.99
2018-09-26,5.5,5.99
2018-09-27,5.5,6.0
2018-09-28,5.49,6.0
2018-10-01,5.48,6.01
2018-10-02,5.5,6.0
2018-10-03,5.49,6.01
2018-10-04,5.51,6.0
2018-10-05,5.57,6.01
2018-10-08,5.59,6.02
2018-10-09,5.59,6.02
2018-10-10,5.59,6.01
2018-10-11,5.57,6.04
2018-10-12,5.58,6.03
2018-10-15,5.58,6.05
2018-10-16,5.6,6.06
2018-10-17,5.64,6.06
2018-10-18,5.62,6.09
2018-10-19,5.58,6.06
2018-10-22,5.6,6.05
2018-10-23,5.58,6.05
2018-10-24,5.6,6.07
2018-10-25,5.58,6.05
2018-10-26,5.58,6.07
2018-10-29,5.59,6.08
2018-10-30,5.59,6.08
2018-10-31,5.62,6.06
2018-11-01,5.6,6.08
2018-11-02,5.62,6.05
2018-11-05,5.6,6.05
2018-11-06,5.59,6.07
2018-11-07,5.56,6.08
2018-11-08,5.57,6.1
2018-11-09,5.6,6.13
2018-11-12,5.59,6.13
2018-11-13,5.62,6.14
2018-11-14,5.6,6.13
2018-11-15,5.59,6.14
2018-11-16,5.6,6.12
2018-11-19,5.59,6.1
2018-11-20,5.62,6.1
2018-11-21,5.65,6.1
2018-11-22,5.61,6.1
2018-11-23,5.63,6.09
2018-11-26,5.65,6.1
2018-11-27,5.64,6.09
2018-11-28,5.67,6.08
2018-11-29,5.67,6.09
2018-11-30,5.67,6.09
2018-12-03,5.66,6.09
2018-12-04,5.64,6.11
2018-12-05,5.62,6.12
2018-12-06,5.61,6.13
2018-12-07,5.59,6.12
2018-12-10,5.62,6.12
2018-12-11,5.61,6.12
2018-12-12,5.63,6.11
2018-12-13,5.63,6.13
2018-12-14,5.64,6.16
2018-12-17,5.62,6.16
2018-12-18,5.65,6.15
2018-12-19,5.63,6.13
2018-12-20,5.64,6.11
2018-12-21,5.63,6.11
2018-12-24,5.65,6.09
2018-12-25,5.64,6.09
2018-12-26,5.65,6.08
2018-12-27,5.64,6.06
2018-12-28,5.67,6.04
2018-12-31,5.67,6.02
2019-01-01,5.7,5.99
2019-01-02,5.69,5.97
2019-01-03,5.7,5.97
2019-01-04,5.7,5.98
2019-01-07,5.71,6.01
2019-01-08,5.7,6.04
2019-01-09,5.71,6.03
2019-01-10,5.71,6.02
2019-01-11,5.72,6.01
2019-01-14,5.69,6.01
2019-01-15,5.69,6.01
2019-01-16,5.69,5.99
2019-01-17,5.69,6.01
2019-01-18,5.7,6.03
2019-01-21,5.69,6.02
2019-01-22,5.7,6.02
2019-01-23,5.71,6.0
2019-01-24,5.72,6.01
2019-01-25,5.77,6.01
2019-01-28,5.78,6.01
2019-01-29,5.84,6.01
2019-01-30,5.82,6.0
2019-01-31,5.79,6.02
2019-02-01,5.82,6.01
2019-02-04,5.83,6.02
2019-02-05,5.84,6.03
2019-02-06,5.85,6.06
2019-02-07,5.86,6.06
2019-02-08,5.85,6.07
2019-02-11,5.84,6.05
2019-02-12,5.83,6.05
2019-02-13,5.84,6.06
2019-02-14,5.83,6.04
2019-02-15,5.84,6.01
2019-02-18,5.81,6.0
2019-02-19,5.8,5.99
2019-02-20,5.79,6.01
2019-02-21,5.76,6.01
2019-02-22,5.75,5.99
2019-02-25,5.74,5.98
2019-02-26,5.76,5.99
2019-02-27,5.71,6.0
2019-02-28,5.69,6.02
2019-03-01,5.68,6.0
2019-03-04,5.7,6.0
2019-03-05,5.69,6.01
2019-03-06,5.68,6.01
2019-03-07,5.68,6.0
2019-03-08,5.65,6.02
2019-03-11,5.68,6.02
2019-03-12,5.7,6.01
2019-03-13,5.71,5.98
2019-03-14,5.71,5.99
2019-03-15,5.67,5.99
2019-03-18,5.66,6.01
2019-03-19,5.71,6.0
2019-03-20,5.71,6.0
2019-03-21,5.71,6.0
2019-03-22,5.7,6.03
2019-03-25,5.67,6.02
2019-03-26,5.68,6.03
2019-03-27,5.65,6.0
2019-03-28,5.66,6.03
2019-03-29,5.64,6.01
2019-04-01,5.67,6.01
2019-04-02,5.71,6.0
2019-04-03,5.72,6.0
2019-04-04,5.7,6.0
2019-04-05,5.72,5.99
2019-04-08,5.71,5.98
2019-04-09,5.69,5.96
2019-04-10,5.67,5.95
2019-04-11,5.71,5.96
2019-04-12,5.73,5.99
2019-04-15,5.72,6.01
2019-04-16,5.72,6.02
2019-04-17,5.73,6.01
2019-04-18,5.76,6.02
2019-04-19,5.73,6.01
2019-04-22,5.76,6.0
2019-04-23,5.75,6.01
2019-04-24,5.77,6.04
2019-04-25,5.77,6.06
2019-04-26,5.74,6.05
2019-04-29,5.73,6.07
2019-04-30,5.73,6.05
2019-05-01,5.74,6.03
2019-05-02,5.74,6.04
2019-05-03,5.76,6.04
2019-05-06,5.76,6.01
2019-05-07,5.78,6.0
2019-05-08,5.79,6.02
2019-05-09,5.81,6.02
2019-05-10,5.84,6.04
2019-05-13,5.87,6.05
2019-05-14,5.92,6.04
2019-05-15,5.91,6.07
2019-05-16,5.92,6.06
2019-05-17,5.91,6.06
2019-05-20,5.93,6.06
2019-05-21,5.94,6.07
2019-05-22,5.96,6.07
2019-05-23,5.98,6.05
2019-05-24,5.96,6.09
2019-05-27,5.95,6.05
2019-05-28,5.98,6.08
2019-05-29,5.96,6.1
2019-05-30,5.94,6.09
2019-05-31,5.93,6.09
2019-06-03,5.89,6.08
2019-06-04,5.9,6.09
2019-06-05,5.92,6.09
2019-06-06,5.93,6.1
2019-06-07,5.94,6.11
2019-06-10,5.95,6.13
2019-06-11,5.93,6.13
2019-06-12,5.91,6.13
2019-06-13,5.91,6.1
2019-06-14,5.92,6.11
2019-06-17,5.94,6.11
2019-06-18,5.96,6.11
2019-06-19,5.96,6.11
2019-06-20,5.96,6.1
2019-06-21,5.94,6.1
2019-06-24,5.98,6.1
2019-06-25,5.99,6.09
2019-06-26,5.99,6.1
2019-06-27,5.99,6.09
2019-06-28,6.01,6.09
2019-07-01,6.02,6.11
2019-07-02,6.05,6.12
2019-07-03,6.08,6.11
2019-07-04,6.07,6.11
2019-07-05,6.08,6.1
2019-07-08,6.11,6.09
2019-07-09,6.08,6.1
2019-07-10,6.09,6.09
2019-07-11,6.09,6.08
2019-07-12,6.07,6.07
2019-07-15,6.1,6.08
2019-07-16,6.12,6.05
2019-07-17,6.11,6.02
2019-07-18,6.11,6.02
2019-07-19,6.1,6.02
2019-07-22,6.12,6.02
2019-07-23,6.1,6.02
2019-07-24,6.08,6.03
2019-07-25,6.07,5.99
2019-07-26,6.07,5.99
2019-07-29,6.06,5.97
2019-07-30,6.05,5.99
2019-07-31,6.07,6.01
2019-08-01,6.1,6.03
2019-08-02,6.08,6.04
2019-08-05,6.12,6.02
2019-08-06,6.12,6.01
2019-08-07,6.08,6.02
2019-08-08,6.08,6.0
2019-08-09,6.07,5.99
2019-08-12,6.06,6.0
2019-08-13,6.09,6.01
2019-08-14,6.08,6.02
2019-08-15,6.08,6.03
2019-08-16,6.1,6.02
2019-08-19,6.1,6.04
2019-08-20,6.07,6.05
2019-08-21,6.08,6.04
2019-08-22,6.12,6.05
2019-08-23,6.13,6.04
2019-08-26,6.08,6.03
2019-08-27,6.08,6.02
2019-08-28,6.06,6.02
2019-08-29,6.08,6.02
2019-08-30,6.08,6.0
2019-09-02,6.11,6.0
2019-09-03,6.12,5.98
2019-09-04,6.11,5.96
2019-09-05,6.11,5.96
2019-09-06,6.15,5.96
2019-09-09,6.14,5.94
2019-09-10,6.14,5.95
2019-09-11,6.12,5.95
2019-09-12,6.11,5.94
2019-09-13,6.13,5.95
2019-09-16,6.11,5.95
2019-09-17,6.1,5.95
2019-09-18,6.09,5.96
2019-09-19,6.09,5.98
2019-09-20,6.13,5.99
2019-09-23,6.14,5.96
2019-09-24,6.16,5.96
2019-09-25,6.16,5.92
2019-09-26,6.18,5.87
2019-09-27,6.16,5.86
2019-09-30,6.15,5.86
2019-10-01,6.15,5.84
2019-10-02,6.17,5.83
2019-10-03,6.16,5.83
2019-10-04,6.13,5.85
2019-10-07,6.07,5.85
2019-10-08,6.08,5.86
2019-10-09,6.09,5.87
2019-10-10,6.09,5.84
2019-10-11,6.11,5.85
2019-10-14,6.14,5.83
2019-10-15,6.15,5.84
2019-10-16,6.13,5.84
2019-10-17,6.16,5.83
2019-10-18,6.15,5.84
2019-10-21,6.12,5.83
2019-10-22,6.11,5.8
2019-10-23,6.11,5.79
2019-10-24,6.14,5.78
2019-10-25,6.14,5.8
2019-10-28,6.12,5.8
2019-10-29,6.11,5.78
2019-10-30,6.12,5.77
2019-10-31,6.08,5.78
2019-11-01,6.09,5.77
2019-11-04,6.12,5.81
2019-11-05,6.12,5.79
2019-11-06,6.12,5.8
2019-11-07,6.1,5.79
2019-11-08,6.08,5.8
2019-11-11,6.06,5.79
2019-11-12,6.06,5.8
2019-11-13,6.09,5.79
2019-11-14,6.09,5.8
2019-11-15,6.08,5.78
2019-11-18,6.11,5.79
2019-11-19,6.11,5.77
2019-11-20,6.08,5.79
2019-11-21,6.08,5.77
2019-11-22,6.06,5.78
2019-11-25,6.08,5.81
2019-11-26,6.09,5.81
2019-11-27,6.1,5.79
2019-11-28,6.06,5.79
2019-11-29,6.05,5.75
2019-12-02,6.03,5.77
2019-12-03,6.04,5.78
2019-12-04,6.02,5.78
2019-12-05,6.05,5.78
2019-12-06,6.03,5.75
2019-12-09,6.04,5.73
2019-12-10,6.02,5.76
2019-12-11,6.04,5.77
2019-12-12,6.04,5.76
2019-12-13,6.01,5.74
2019-12-16,6.04,5.77
2019-12-17,6.05,5.75
2019-12-18,6.05,5.77
2019-12-19,6.05,5.78
2019-12-20,6.06,5.76
2019-12-23,6.06,5.75
2019-12-24,6.04,5.75
2019-12-25,6.04,5.74
2019-12-26,6.05,5.76
2019-12-27,6.06,5.78
2019-12-30,6.06,5.78
2019-12-31,6.07,5.76
2020-01-01,6.11,5.76
2020-01-02,6.12,5.77
2020-01-03,6.11,5.77
2020-01-06,6.07,5.76
2020-01-07,6.06,5.75
2020-01-08,6.07,5.75
2020-01-09,6.03,5.75
2020-01-10,6.05,5.73
2020-01-13,6.03,5.73
2020-01-14,6.05,5.72
2020-01-15,6.03,5.7
2020-01-16,6.06,5.68
2020-01-17,6.03,5.68
2020-01-20,6.07,5.7
2020-01-21,6.1,5.7
2020-01-22,6.08,5.68
2020-01-23,6.09,5.68
2020-01-24,6.12,5.67
2020-01-27,6.1,5.68
2020-01-28,6.11,5.69
2020-01-29,6.08,5.67
2020-01-30,6.07,5.67
2020-01-31,6.04,5.68
2020-02-03,6.06,5.7
2020-02-04,6.06,5.67
2020-02-05,6.06,5.66
2020-02-06,6.04,5.68
2020-02-07,6.05,5.71
2020-02-10,6.05,5.72
2020-02-11,6.02,5.69
2020-02-12,6.02,5.7
2020-02-13,5.98,5.71
2020-02-14,6.0,5.72
2020-02-17,5.99,5.7
2020-02-18,5.98,5.69
2020-02-19,5.99,5.69
2020-02-20,5.98,5.7
2020-02-21,5.96,5.71
2020-02-24,5.98,5.71
2020-02-25,5.98,5.72
2020-02-26,5.94,5.7
2020-02-27,5.96,5.69
2020-02-28,6.01,5.7
2020-03-02,6.0,5.69
2020-03-03,6.03,5.69
2020-03-04,6.03,5.68
2020-03-05,6.05,5.68
2020-03-06,6.05,5.68
2020-03-09,6.05,5.67
2020-03-10,6.08,5.68
2020-03-11,6.09,5.67
2020-03-12,6.06,5.67
2020-03-13,6.07,5.66
2020-03-16,6.08,5.68
2020-03-17,6.1,5.7
2020-03-18,6.13,5.71
2020-03-19,6.13,5.72
2020-03-20,6.12,5.69
2020-03-23,6.09,5.69
2020-03-24,6.09,5.69
2020-03-25,6.1,5.7
2020-03-26,6.1,5.69
2020-03-27,6.11,5.68
2020-03-30,6.1,5.67
2020-03-31,6.08,5.68
2020-04-01,6.11,5.68
2020-04-02,6.08,5.68
2020-04-03,6.09,5.69
2020-04-06,6.08,5.69
2020-04-07,6.08,5.72
2020-04-08,6.06,5.7
2020-04-09,6.09,5.69
2020-04-10,6.11,5.68
2020-04-13,6.13,5.67
2020-04-14,6.14,5.69
2020-04-15,6.17,5.68
2020-04-16,6.15,5.68
2020-04-17,6.15,5.67
2020-04-20,6.16,5.66
2020-04-21,6.17,5.67
2020-04-22,6.18,5.68
2020-04-23,6.18,5.68
2020-04-24,6.21,5.67
2020-04-27,6.21,5.69
2020-04-28,6.2,5.67
2020-04-29,6.18,5.66
2020-04-30,6.18,5.67
2020-05-01,6.2,5.66
2020-05-04,6.24,5.66
2020-05-05,6.21,5.63
2020-05-06,6.21,5.62
2020-05-07,6.2,5.62
2020-05-08,6.2,5.61
2020-05-11,6.2,5.61
2020-05-12,6.22,5.64
2020-05-13,6.26,5.64
2020-05-14,6.28,5.63
2020-05-15,6.32,5.61
2020-05-18,6.37,5.61
2020-05-19,6.33,5.65
2020-05-20,6.37,5.64
2020-05-21,6.38,5.64
2020-05-22,6.38,5.63
2020-05-25,6.35,5.62
2020-05-26,6.35,5.59
2020-05-27,6.34,5.59
2020-05-28,6.35,5.56
2020-05-29,6.32,5.57
2020-06-01,6.35,5.55
2020-06-02,6.36,5.54
2020-06-03,6.35,5.55
2020-06-04,6.34,5.55
2020-06-05,6.37,5.57
2020-06-08,6.35,5.58
2020-06-09,6.34,5.6
2020-06-10,6.33,5.59
2020-06-11,6.33,5.58
2020-06-12,6.36,5.56
2020-06-15,6.38,5.55
2020-06-16,6.39,5.54
2020-06-17,6.39,5.5
2020-06-18,6.38,5.52
2020-06-19,6.36,5.53
2020-06-22,6.39,5.53
2020-06-23,6.38,5.5
2020-06-24,6.38,5.53
2020-06-25,6.35,5.52
2020-06-26,6.34,5.52
2020-06-29,6.34,5.49
2020-06-30,6.33,5.5
2020-07-01,6.31,5.49
2020-07-02,6.3,5.49
2020-07-03,6.3,5.51
2020-07-06,6.32,5.49
2020-07-07,6.31,5.49
2020-07-08,6.28,5.48
2020-07-09,6.31,5.48
2020-07-10,6.3,5.48
2020-07-13,6.33,5.47
2020-07-14,6.33,5.49
2020-07-15,6.3,5.49
2020-07-16,6.3,5.47
2020-07-17,6.3,5.48
2020-07-20,6.29,5.51
2020-07-21,6.31,5.52
2020-07-22,6.35,5.52
2020-07-23,6.35,5.52
2020-07-24,6.32,5.52
2020-07-27,6.29,5.49
2020-07-28,6.28,5.45
2020-07-29,6.3,5.46
2020-07-30,6.27,5.45
2020-07-31,6.27,5.46
2020-08-03,6.27,5.47
2020-08-04,6.25,5.46
2020-08-05,6.25,5.46
2020-08-06,6.27,5.47
2020-08-07,6.28,5.46
2020-08-10,6.32,5.45
2020-08-11,6.34,5.48
2020-08-12,6.32,5.48
2020-08-13,6.37,5.47
2020-08-14,6.37,5.46
2020-08-17,6.37,5.47
2020-08-18,6.37,5.46
2020-08-19,6.37,5.48
2020-08-20,6.35,5.48
2020-08-21,6.35,5.5
2020-08-24,6.37,5.48
2020-08-25,6.33,5.47
2020-08-26,6.31,5.47
2020-08-27,6.3,5.46
2020-08-28,6.3,5.48
2020-08-31,6.3,5.46
2020-09-01,6.31,5.46
2020-09-02,6.32,5.46
2020-09-03,6.31,5.47
2020-09-04,6.32,5.49
2020-09-07,6.33,5.48
2020-09-08,6.34,5.49
2020-09-09,6.33,5.48
2020-09-10,6.33,5.49
2020-09-11,6.34,5.48
2020-09-14,6.34,5.49
2020-09-15,6.35,5.49
2020-09-16,6.33,5.48
2020-09-17,6.34,5.49
2020-09-18,6.34,5.5
2020-09-21,6.31,5.51
2020-09-22,6.33,5.51
2020-09-23,6.32,5.53
2020-09-24,6.33,5.53
2020-09-25,6.31,5.51
2020-09-28,6.3,5.49
2020-09-29,6.31,5.49
2020-09-30,6.29,5.48
2020-10-01,6.27,5.48
2020-10-02,6.24,5.47
2020-10-05,6.21,5.48
2020-10-06,6.21,5.48
2020-10-07,6.2,5.46
2020-10-08,6.24,5.45
2020-10-09,6.23,5.47
2020-10-12,6.27,5.48
2020-10-13,6.26,5.45
2020-10-14,6.26,5.5
2020-10-15,6.23,5.52
2020-10-16,6.25,5.49
2020-10-19,6.23,5.48
2020-10-20,6.21,5.47
2020-10-21,6.22,5.46
2020-10-22,6.19,5.45
2020-10-23,6.17,5.48
2020-10-26,6.18,5.49
2020-10-27,6.18,5.5
2020-10-28,6.19,5.53
2020-10-29,6.16,5.53
2020-10-30,6.15,5.52
2020-11-02,6.14,5.53
2020-11-03,6.14,5.53
2020-11-04,6.14,5.53
2020-11-05,6.14,5.56
2020-11-06,6.17,5.55
2020-11-09,6.15,5.56
2020-11-10,6.17,5.59
2020-11-11,6.17,5.59
2020-11-12,6.16,5.57
2020-11-13,6.14,5.56
2020-11-16,6.13,5.56
2020-11-17,6.14,5.54
2020-11-18,6.14,5.53
2020-11-19,6.12,5.52
2020-11-20,6.11,5.53
2020-11-23,6.11,5.53
2020-11-24,6.11,5.53
2020-11-25,6.1,5.54
2020-11-26,6.11,5.55
2020-11-27,6.09,5.6
2020-11-30,6.1,5.62
2020-12-01,6.11,5.66
2020-12-02,6.14,5.68
2020-12-03,6.15,5.67
2020-12-04,6.14,5.67
2020-12-07,6.14,5.66
2020-12-08,6.12,5.63
2020-12-09,6.13,5.61
2020-12-10,6.17,5.62
2020-12-11,6.16,5.62
2020-12-14,6.18,5.61
2020-12-15,6.19,5.6
2020-12-16,6.19,5.59
2020-12-17,6.18,5.58
2020-12-18,6.21,5.59
2020-12-21,6.21,5.58
2020-12-22,6.24,5.58
2020-12-23,6.27,5.57
2020-12-24,6.27,5.58
2020-12-25,6.28,5.58
2020-12-28,6.32,5.6
2020-12-29,6.31,5.6
2020-12-30,6.34,5.57
2020-12-31,6.34,5.56
2021-01-01,6.36,5.56
2021-01-04,6.35,5.55
2021-01-05,6.33,5.55
2021-01-06,6.33,5.53
2021-01-07,6.33,5.51
2021-01-08,6.3,5.5
2021-01-11,6.29,5.51
2021-01-12,6.27,5.49
2021-01-13,6.28,5.49
2021-01-14,6.27,5.49
2021-01-15,6.3,5.5
2021-01-18,6.29,5.48
2021-01-19,6.3,5.47
2021-01-20,6.31,5.47
2021-01-21,6.3,5.46
2021-01-22,6.3,5.47
2021-01-25,6.3,5.47
2021-01-26,6.26,5.44
2021-01-27,6.31,5.43
2021-01-28,6.29,5.46
2021-01-29,6.28,5.46
2021-02-01,6.25,5.45
2021-02-02,6.26,5.45
2021-02-03,6.24,5.46
2021-02-04,6.23,5.48
2021-02-05,6.21,5.47
2021-02-08,6.2,5.48
2021-02-09,6.24,5.47
2021-02-10,6.24,5.46
2021-02-11,6.22,5.47
2021-02-12,6.21,5.45
2021-02-15,6.19,5.44
2021-02-16,6.17,5.43
2021-02-17,6.22,5.42
2021-02-18,6.21,5.42
2021-02-19,6.18,5.4
2021-02-22,6.17,5.41
2021-02-23,6.17,5.42
2021-02-24,6.18,5.41
2021-02-25,6.19,5.43
2021-02-26,6.24,5.43
2021-03-01,6.25,5.44
2021-03-02,6.26,5.44
2021-03-03,6.25,5.44
2021-03-04,6.23,5.41
2021-03-05,6.22,5.44
2021-03-08,6.23,5.45
2021-03-09,6.24,5.44
2021-03-10,6.23,5.43
2021-03-11,6.21,5.45
2021-03-12,6.24,5.46
2021-03-15,6.24,5.45
2021-03-16,6.21,5.46
2021-03-17,6.19,5.47
2021-03-18,6.16,5.47
2021-03-19,6.17,5.44
2021-03-22,6.18,5.45
2021-03-23,6.17,5.44
2021-03-24,6.19,5.45
2021-03-25,6.23,5.45
2021-03-26,6.25,5.45
2021-03-29,6.22,5.43
2021-03-30,6.2,5.44
2021-03-31,6.21,5.46
2021-04-01,6.2,5.44
2021-04-02,6.16,5.46
2021-04-05,6.17,5.47
2021-04-06,6.18,5.46
2021-04-07,6.19,5.46
2021-04-08,6.21,5.47
2021-04-09,6.21,5.47
2021-04-12,6.2,5.46
2021-04-13,6.2,5.45
2021-04-14,6.2,5.43
2021-04-15,6.2,5.42
2021-04-16,6.18,5.44
2021-04-19,6.21,5.47
2021-04-20,6.19,5.45
2021-04-21,6.19,5.45
2021-04-22,6.18,5.43
2021-04-23,6.2,5.41
2021-04-26,6.2,5.43
2021-04-27,6.19,5.43
2021-04-28,6.22,5.45
2021-04-29,6.19,5.45
2021-04-30,6.21,5.43
2021-05-03,6.25,5.45
2021-05-04,6.26,5.44
2021-05-05,6.31,5.43
2021-05-06,6.31,5.44
2021-05-07,6.3,5.44
2021-05-10,6.32,5.43
2021-05-11,6.3,5.45
2021-05-12,6.3,5.46
2021-05-13,6.3,5.45
2021-05-14,6.29,5.48
2021-05-17,6.27,5.48
2021-05-18,6.26,5.46
2021-05-19,6.26,5.46
2021-05-20,6.28,5.46
2021-05-21,6.3,5.48
2021-05-24,6.29,5.49
2021-05-25,6.29,5.48
2021-05-26,6.3,5.49
2021-05-27,6.29,5.51
2021-05-28,6.28,5.49
2021-05-31,6.28,5.48
2021-06-01,6.27,5.46
2021-06-02,6.26,5.49
2021-06-03,6.27,5.49
2021-06-04,6.24,5.5
2021-06-07,6.24,5.51
2021-06-08,6.26,5.51
2021-06-09,6.28,5.51
2021-06-10,6.26,5.52
2021-06-11,6.26,5.52
2021-06-14,6.25,5.51
2021-06-15,6.25,5.5
2021-06-16,6.25,5.51
2021-06-17,6.2,5.51
2021-06-18,6.21,5.51
2021-06-21,6.21,5.5
2021-06-22,6.21,5.51
2021-06-23,6.22,5.49
2021-06-24,6.22,5.49
2021-06-25,6.23,5.48
2021-06-28,6.25,5.48
2021-06-29,6.29,5.44
2021-06-30,6.24,5.44
2021-07-01,6.24,5.43
2021-07-02,6.2,5.44
2021-07-05,6.17,5.43
2021-07-06,6.14,5.43
2021-07-07,6.11,5.44
2021-07-08,6.09,5.43
2021-07-09,6.09,5.41
2021-07-12,6.09,5.45
2021-07-13,6.1,5.47
2021-07-14,6.08,5.49
2021-07-15,6.1,5.51
2021-07-16,6.11,5.55
2021-07-19,6.1,5.56
2021-07-20,6.09,5.58
2021-07-21,6.09,5.57
2021-07-22,6.1,5.58
2021-07-23,6.1,5.59
2021-07-26,6.1,5.58
2021-07-27,6.12,5.57
2021-07-28,6.1,5.55
2021-07-29,6.09,5.56
2021-07-30,6.08,5.59
2021-08-02,6.05,5.59
2021-08-03,6.09,5.6
2021-08-04,6.09,5.59
2021-08-05,6.13,5.6
2021-08-06,6.15,5.62
2021-08-09,6.16,5.62
2021-08-10,6.16,5.62
2021-08-11,6.15,5.62
2021-08-12,6.15,5.64
2021-08-13,6.15,5.65
2021-08-16,6.13,5.67
2021-08-17,6.13,5.7
2021-08-18,6.1,5.7
2021-08-19,6.1,5.71
2021-08-20,6.09,5.72
2021-08-23,6.06,5.74
2021-08-24,6.05,5.75
2021-08-25,6.06,5.73
2021-08-26,6.06,5.72
2021-08-27,6.06,5.71
2021-08-30,6.04,5.72
2021-08-31,6.04,5.7
2021-09-01,6.03,5.7
2021-09-02,6.03,5.7
2021-09-03,6.0,5.69
2021-09-06,5.99,5.67
2021-09-07,5.97,5.64
2021-09-08,5.97,5.64
2021-09-09,6.0,5.63
2021-09-10,6.05,5.62
2021-09-13,6.05,5.63
2021-09-14,6.05,5.63
2021-09-15,6.05,5.62
2021-09-16,6.1,5.62
2021-09-17,6.13,5.61
2021-09-20,6.13,5.61
2021-09-21,6.12,5.64
2021-09-22,6.14,5.65
2021-09-23,6.15,5.63
2021-09-24,6.16,5.64
2021-09-27,6.19,5.63
2021-09-28,6.19,5.62
2021-09-29,6.16,5.62
2021-09-30,6.19,5.62
2021-10-01,6.19,5.65
2021-10-04,6.19,5.65
2021-10-05,6.18,5.66
2021-10-06,6.21,5.67
2021-10-07,6.22,5.67
2021-10-08,6.21,5.68
2021-10-11,6.26,5.67
2021-10-12,6.22,5.65
2021-10-13,6.25,5.65
2021-10-14,6.22,5.65
2021-10-15,6.21,5.66
2021-10-18,6.18,5.68
2021-10-19,6.19,5.69
2021-10-20,6.17,5.7
2021-10-21,6.21,5.71
2021-10-22,6.24,5.72
2021-10-25,6.26,5.72
2021-10-26,6.28,5.71
2021-10-27,6.31,5.73
2021-10-28,6.29,5.71
2021-10-29,6.3,5.69
2021-11-01,6.24,5.69
2021-11-02,6.2,5.71
2021-11-03,6.19,5.73
2021-11-04,6.22,5.74
2021-11-05,6.22,5.75
2021-11-08,6.24,5.74
2021-11-09,6.23,5.74
2021-11-10,6.27,5.74
2021-11-11,6.26,5.7
2021-11-12,6.24,5.71
2021-11-15,6.28,5.69
2021-11-16,6.28,5.68
2021-11-17,6.27,5.68
2021-11-18,6.27,5.68
2021-11-19,6.24,5.68
2021-11-22,6.25,5.67
2021-11-23,6.25,5.69
2021-11-24,6.24,5.71
2021-11-25,6.25,5.72
2021-11-26,6.19,5.73
2021-11-29,6.17,5.72
2021-11-30,6.17,5.73
2021-12-01,6.17,5.72
2021-12-02,6.13,5.7
2021-12-03,6.12,5.67
2021-12-06,6.13,5.67
2021-12-07,6.13,5.65
2021-12-08,6.13,5.64
2021-12-09,6.1,5.63
2021-12-10,6.14,5.63
2021-12-13,6.15,5.63
2021-12-14,6.15,5.6
2021-12-15,6.18,5.6
2021-12-16,6.18,5.57
2021-12-17,6.17,5.59
2021-12-20,6.13,5.58
2021-12-21,6.14,5.57
2021-12-22,6.14,5.57
2021-12-23,6.11,5.56
2021-12-24,6.1,5.56
2021-12-27,6.1,5.55
2021-12-28,6.11,5.55
2021-12-29,6.07,5.53
2021-12-30,6.05,5.51
2021-12-31,6.05,5.51
2022-01-03,6.04,5.47
2022-01-04,6.07,5.47
2022-01-05,6.07,5.46
2022-01-06,6.1,5.45
2022-01-07,6.11,5.45
2022-01-10,6.09,5.43
2022-01-11,6.08,5.45
2022-01-12,6.06,5.45
2022-01-13,6.04,5.45
2022-01-14,6.05,5.43
2022-01-17,6.07,5.43
2022-01-18,6.1,5.43
2022-01-19,6.08,5.45
2022-01-20,6.08,5.44
2022-01-21,6.07,5.42
2022-01-24,6.08,5.42
2022-01-25,6.07,5.43
2022-01-26,6.03,5.43
2022-01-27,6.04,5.44
2022-01-28,6.08,5.46
2022-01-31,6.1,5.48
2022-02-01,6.09,5.48
2022-02-02,6.08,5.48
2022-02-03,6.09,5.5
2022-02-04,6.12,5.5
2022-02-07,6.13,5.48
2022-02-08,6.15,5.47
2022-02-09,6.17,5.48
2022-02-10,6.17,5.48
2022-02-11,6.17,5.48
2022-02-14,6.16,5.49
2022-02-15,6.18,5.47
2022-02-16,6.21,5.46
2022-02-17,6.22,5.46
2022-02-18,6.25,5.45
2022-02-21,6.27,5.45
2022-02-22,6.29,5.43
2022-02-23,6.26,5.43
2022-02-24,6.25,5.44
2022-02-25,6.26,5.41
2022-02-28,6.28,5.42
2022-03-01,6.29,5.41
2022-03-02,6.27,5.42
2022-03-03,6.26,5.44
2022-03-04,6.23,5.4
2022-03-07,6.24,5.42
2022-03-08,6.22,5.41
2022-03-09,6.21,5.42
2022-03-10,6.22,5.43
2022-03-11,6.21,5.41
2022-03-14,6.23,5.41
2022-03-15,6.23,5.41
2022-03-16,6.24,5.42
2022-03-17,6.22,5.41
2022-03-18,6.22,5.42
2022-03-21,6.22,5.42
2022-03-22,6.21,5.44
2022-03-23,6.22,5.43
2022-03-24,6.23,5.43
2022-03-25,6.23,5.47
2022-03-28,6.21,5.45
2022-03-29,6.2,5.44
2022-03-30,6.19,5.46
2022-03-31,6.22,5.47
2022-04-01,6.2,5.5
2022-04-04,6.19,5.49
2022-04-05,6.19,5.47
2022-04-06,6.18,5.49
2022-04-07,6.18,5.52
2022-04-08,6.2,5.51
2022-04-11,6.21,5.52
2022-04-12,6.17,5.54
2022-04-13,6.14,5.53
2022-04-14,6.12,5.53
2022-04-15,6.12,5.52
2022-04-18,6.11,5.53
2022-04-19,6.12,5.55
2022-04-20,6.14,5.54
2022-04-21,6.15,5.52
2022-04-22,6.14,5.51
2022-04-25,6.19,5.49
2022-04-26,6.22,5.47
2022-04-27,6.24,5.49
2022-04-28,6.25,5.48
2022-04-29,6.26,5.45
2022-05-02,6.27,5.45
2022-05-03,6.29,5.43
2022-05-04,6.31,5.43
2022-05-05,6.29,5.45
2022-05-06,6.25,5.44
2022-05-09,6.26,5.44
2022-05-10,6.27,5.41
2022-05-11,6.25,5.41
2022-05-12,6.25,5.43
2022-05-13,6.24,5.43
2022-05-16,6.19,5.44
2022-05-17,6.17,5.44
2022-05-18,6.18,5.43
2022-05-19,6.2,5.42
2022-05-20,6.17,5.44
2022-05-23,6.19,5.47
2022-05-24,6.17,5.46
2022-05-25,6.13,5.46
2022-05-26,6.13,5.47
2022-05-27,6.16,5.45
2022-05-30,6.16,5.47
2022-05-31,6.16,5.48
2022-06-01,6.16,5.48
2022-06-02,6.17,5.5
2022-06-03,6.18,5.52
2022-06-06,6.19,5.52
2022-06-07,6.17,5.54
2022-06-08,6.17,5.55
2022-06-09,6.16,5.54
2022-06-10,6.18,5.52
2022-06-13,6.22,5.53
2022-06-14,6.23,5.53
2022-06-15,6.2,5.51
2022-06-16,6.14,5.49
2022-06-17,6.12,5.48
2022-06-20,6.13,5.49
2022-06-21,6.15,5.46
2022-06-22,6.14,5.47
2022-06-23,6.12,5.49
2022-06-24,6.09,5.48
2022-06-27,6.13,5.47
2022-06-28,6.14,5.45
2022-06-29,6.12,5.48
2022-06-30,6.17,5.47
2022-07-01,6.14,5.48
2022-07-04,6.2,5.47
2022-07-05,6.2,5.44
2022-07-06,6.18,5.47
2022-07-07,6.18,5.45
2022-07-08,6.16,5.46
2022-07-11,6.15,5.45
2022-07-12,6.15,5.45
2022-07-13,6.15,5.45
2022-07-14,6.18,5.44
2022-07-15,6.19,5.44
2022-07-18,6.2,5.46
2022-07-19,6.17,5.45
2022-07-20,6.17,5.45
2022-07-21,6.14,5.45
2022-07-22,6.14,5.41
2022-07-25,6.16,5.4
2022-07-26,6.18,5.42
2022-07-27,6.18,5.41
2022-07-28,6.21,5.42
2022-07-29,6.19,5.43
2022-08-01,6.18,5.44
2022-08-02,6.19,5.46
2022-08-03,6.2,5.47
2022-08-04,6.16,5.46
2022-08-05,6.2,5.47
2022-08-08,6.19,5.47
2022-08-09,6.22,5.49
2022-08-10,6.21,5.47
2022-08-11,6.23,5.47
2022-08-12,6.25,5.46
2022-08-15,6.24,5.45
2022-08-16,6.23,5.44
2022-08-17,6.2,5.43
2022-08-18,6.17,5.45
2022-08-19,6.16,5.44
2022-08-22,6.18,5.45
2022-08-23,6.17,5.46
2022-08-24,6.19,5.48
2022-08-25,6.16,5.51
2022-08-26,6.19,5.51
2022-08-29,6.22,5.52
2022-08-30,6.21,5.53
2022-08-31,6.17,5.55
2022-09-01,6.22,5.51
2022-09-02,6.2,5.49
2022-09-05,6.18,5.47
2022-09-06,6.16,5.45
2022-09-07,6.17,5.42
2022-09-08,6.14,5.42
2022-09-09,6.15,5.45
2022-09-12,6.15,5.45
2022-09-13,6.13,5.46
2022-09-14,6.11,5.47
2022-09-15,6.13,5.47
2022-09-16,6.13,5.46
2022-09-19,6.1,5.45
2022-09-20,6.09,5.46
2022-09-21,6.07,5.44
2022-09-22,6.08,5.48
2022-09-23,6.07,5.48
2022-09-26,6.06,5.46
2022-09-27,6.06,5.47
2022-09-28,6.03,5.48
2022-09-29,6.05,5.49
2022-09-30,6.07,5.47
2022-10-03,6.05,5.46
2022-10-04,6.06,5.46
2022-10-05,6.06,5.45
2022-10-06,6.04,5.44
2022-10-07,6.04,5.44
2022-10-10,6.07,5.45
2022-10-11,6.05,5.45
2022-10-12,6.08,5.44
2022-10-13,6.1,5.46
2022-10-14,6.08,5.48
2022-10-17,6.09,5.46
2022-10-18,6.12,5.44
2022-10-19,6.09,5.43
2022-10-20,6.09,5.42
2022-10-21,6.08,5.39
2022-10-24,6.07,5.4
2022-10-25,6.03,5.4
2022-10-26,6.01,5.41
2022-10-27,6.03,5.42
2022-10-28,6.05,5.42
2022-10-31,6.06,5.42
2022-11-01,6.05,5.43
2022-11-02,6.06,5.42
2022-11-03,6.06,5.43
2022-11-04,6.05,5.43
2022-11-07,6.04,5.44
2022-11-08,6.07,5.45
2022-11-09,6.08,5.45
2022-11-10,6.1,5.45
2022-11-11,6.09,5.45
2022-11-14,6.09,5.47
2022-11-15,6.09,5.44
2022-11-16,6.07,5.42
2022-11-17,6.07,5.44
2022-11-18,6.08,5.45
2022-11-21,6.06,5.46
2022-11-22,6.01,5.44
2022-11-23,6.02,5.45
2022-11-24,6.02,5.46
2022-11-25,6.03,5.47
2022-11-28,6.03,5.47
2022-11-29,6.05,5.46
2022-11-30,6.06,5.46
2022-12-01,6.05,5.45
2022-12-02,6.06,5.46
2022-12-05,6.04,5.47
2022-12-06,6.05,5.45
2022-12-07,6.03,5.45
2022-12-08,6.0,5.46
2022-12-09,6.01,5.48
2022-12-12,6.01,5.49
2022-12-13,6.01,5.5
2022-12-14,6.05,5.49
2022-12-15,6.02,5.49
2022-12-16,6.03,5.49
2022-12-19,6.02,5.5
2022-12-20,6.0,5.51
2022-12-21,6.03,5.53
2022-12-22,6.01,5.53
2022-12-23,5.99,5.52
2022-12-26,5.98,5.51
2022-12-27,6.0,5.49
2022-12-28,6.03,5.5
2022-12-29,6.03,5.49
2022-12-30,6.02,5.49
2023-01-02,6.03,5.5
2023-01-03,6.04,5.52
2023-01-04,6.01,5.51
2023-01-05,6.01,5.53
2023-01-06,5.99,5.54
2023-01-09,5.97,5.56
2023-01-10,5.98,5.56
2023-01-11,5.97,5.55
2023-01-12,5.97,5.53
2023-01-13,5.94,5.53
2023-01-16,5.89,5.54
2023-01-17,5.87,5.53
2023-01-18,5.86,5.53
2023-01-19,5.85,5.52
2023-01-20,5.85,5.52
2023-01-23,5.85,5.5
2023-01-24,5.8,5.51
2023-01-25,5.77,5.5
2023-01-26,5.79,5.49
2023-01-27,5.79,5.48
2023-01-30,5.8,5.49
2023-01-31,5.79,5.5
2023-02-01,5.81,5.51
2023-02-02,5.8,5.52
2023-02-03,5.8,5.55
2023-02-06,5.78,5.57
2023-02-07,5.79,5.54
2023-02-08,5.79,5.51
2023-02-09,5.82,5.5
2023-02-10,5.8,5.53
2023-02-13,5.78,5.52
2023-02-14,5.78,5.52
2023-02-15,5.75,5.5
2023-02-16,5.75,5.48
2023-02-17,5.74,5.46
2023-02-20,5.71,5.45
2023-02-21,5.7,5.46
2023-02-22,5.7,5.46
2023-02-23,5.72,5.47
2023-02-24,5.7,5.47
2023-02-27,5.68,5.47
2023-02-28,5.68,5.49
2023-03-01,5.66,5.51
2023-03-02,5.68,5.53
2023-03-03,5.66,5.54
2023-03-06,5.66,5.52
2023-03-07,5.68,5.5
2023-03-08,5.68,5.51
2023-03-09,5.69,5.53
2023-03-10,5.67,5.53
2023-03-13,5.67,5.52
2023-03-14,5.66,5.54
2023-03-15,5.64,5.52
2023-03-16,5.63,5.54
2023-03-17,5.65,5.52
2023-03-20,5.65,5.54
2023-03-21,5.65,5.54
2023-03-22,5.66,5.53
2023-03-23,5.69,5.52
2023-03-24,5.7,5.53
2023-03-27,5.71,5.53
2023-03-28,5.69,5.53
2023-03-29,5.67,5.53
2023-03-30,5.65,5.52
2023-03-31,5.68,5.51
2023-04-03,5.65,5.49
2023-04-04,5.66,5.51
2023-04-05,5.63,5.51
2023-04-06,5.63,5.51
2023-04-07,5.62,5.54
2023-04-10,5.63,5.56
2023-04-11,5.6,5.59
2023-04-12,5.57,5.61
2023-04-13,5.59,5.59
2023-04-14,5.59,5.6
2023-04-17,5.58,5.61
2023-04-18,5.58,5.6
2023-04-19,5.58,5.59
2023-04-20,5.56,5.61
2023-04-21,5.57,5.6
2023-04-24,5.58,5.59
2023-04-25,5.61,5.63
2023-04-26,5.63,5.63
2023-04-27,5.63,5.63
2023-04-28,5.62,5.63
2023-05-01,5.61,5.59
2023-05-02,5.57,5.59
2023-05-03,5.57,5.61
2023-05-04,5.56,5.6
2023-05-05,5.56,5.58
2023-05-08,5.6,5.57
2023-05-09,5.59,5.58
2023-05-10,5.6,5.57
2023-05-11,5.57,5.56
2023-05-12,5.55,5.57
2023-05-15,5.55,5.61
2023-05-16,5.58,5.6
2023-05-17,5.57,5.61
2023-05-18,5.58,5.63
2023-05-19,5.59,5.65
2023-05-22,5.58,5.64
2023-05-23,5.58,5.63
2023-05-24,5.61,5.62
2023-05-25,5.59,5.64
2023-05-26,5.56,5.65
2023-05-29,5.59,5.65
2023-05-30,5.6,5.67
2023-05-31,5.6,5.68
2023-06-01,5.66,5.66
2023-06-02,5.67,5.65
2023-06-05,5.67,5.63
2023-06-06,5.65,5.62
2023-06-07,5.66,5.64
2023-06-08,5.64,5.65
2023-06-09,5.64,5.62
2023-06-12,5.63,5.62
2023-06-13,5.65,5.62
2023-06-14,5.64,5.63
2023-06-15,5.65,5.63
2023-06-16,5.64,5.6
2023-06-19,5.61,5.6
2023-06-20,5.56,5.6
2023-06-21,5.54,5.61
2023-06-22,5.54,5.62
2023-06-23,5.52,5.64
2023-06-26,5.54,5.64
2023-06-27,5.55,5.66
2023-06-28,5.58,5.62
2023-06-29,5.59,5.61
2023-06-30,5.57,5.61
2023-07-03,5.56,5.62
2023-07-04,5.59,5.63
2023-07-05,5.6,5.62
2023-07-06,5.6,5.58
2023-07-07,5.58,5.58
2023-07-10,5.58,5.58
2023-07-11,5.6,5.6
2023-07-12,5.6,5.57
2023-07-13,5.57,5.57
2023-07-14,5.57,5.55
2023-07-17,5.58,5.55
2023-07-18,5.57,5.57
2023-07-19,5.61,5.59
2023-07-20,5.59,5.56
2023-07-21,5.61,5.58
2023-07-24,5.61,5.59
2023-07-25,5.62,5.58
2023-07-26,5.62,5.58
2023-07-27,5.65,5.57
2023-07-28,5.68,5.56
2023-07-31,5.65,5.57
2023-08-01,5.65,5.59
2023-08-02,5.63,5.58
2023-08-03,5.64,5.58
2023-08-04,5.62,5.59
2023-08-07,5.63,5.6
2023-08-08,5.62,5.61
2023-08-09,5.61,5.61
2023-08-10,5.6,5.6
2023-08-11,5.61,5.58
2023-08-14,5.62,5.58
2023-08-15,5.65,5.62
2023-08-16,5.66,5.62
2023-08-17,5.67,5.61
2023-08-18,5.67,5.62
2023-08-21,5.69,5.6
2023-08-22,5.71,5.57
2023-08-23,5.7,5.59
2023-08-24,5.7,5.62
2023-08-25,5.72,5.59
2023-08-28,5.72,5.59
2023-08-29,5.74,5.56
2023-08-30,5.76,5.57
2023-08-31,5.73,5.57
2023-09-01,5.72,5.55
2023-09-04,5.75,5.55
2023-09-05,5.77,5.54
2023-09-06,5.79,5.53
2023-09-07,5.82,5.49
2023-09-08,5.83,5.51
2023-09-11,5.83,5.52
2023-09-12,5.81,5.52
2023-09-13,5.83,5.52
2023-09-14,5.82,5.49
2023-09-15,5.82,5.49
2023-09-18,5.83,5.5
2023-09-19,5.82,5.49
2023-09-20,5.8,5.5
2023-09-21,5.77,5.5
2023-09-22,5.76,5.48
2023-09-25,5.76,5.5
2023-09-26,5.78,5.5
2023-09-27,5.79,5.51
2023-09-28,5.77,5.49
2023-09-29,5.72,5.5
2023-10-02,5.76,5.53
2023-10-03,5.76,5.51
2023-10-04,5.77,5.51
2023-10-05,5.79,5.51
2023-10-06,5.77,5.51
2023-10-09,5.74,5.51
2023-10-10,5.73,5.5
2023-10-11,5.7,5.51
2023-10-12,5.7,5.52
2023-10-13,5.72,5.54
2023-10-16,5.68,5.55
2023-10-17,5.69,5.53
2023-10-18,5.66,5.52
2023-10-19,5.63,5.52
2023-10-20,5.65,5.52
2023-10-23,5.63,5.52
2023-10-24,5.61,5.51
2023-10-25,5.61,5.51
2023-10-26,5.62,5.5
2023-10-27,5.64,5.5
2023-10-30,5.61,5.48
2023-10-31,5.61,5.5
2023-11-01,5.62,5.49
2023-11-02,5.61,5.53
2023-11-03,5.66,5.52
2023-11-06,5.67,5.51
2023-11-07,5.65,5.51
2023-11-08,5.66,5.48
2023-11-09,5.7,5.47
2023-11-10,5.72,5.47
2023-11-13,5.75,5.47
2023-11-14,5.77,5.46
2023-11-15,5.74,5.44
2023-11-16,5.72,5.46
2023-11-17,5.76,5.5
2023-11-20,5.77,5.48
2023-11-21,5.8,5.49
2023-11-22,5.79,5.51
2023-11-23,5.82,5.53
2023-11-24,5.85,5.52
2023-11-27,5.86,5.52
2023-11-28,5.84,5.54
2023-11-29,5.8,5.53
2023-11-30,5.82,5.55
2023-12-01,5.84,5.54
2023-12-04,5.85,5.54
2023-12-05,5.85,5.54
2023-12-06,5.86,5.53
2023-12-07,5.86,5.51
2023-12-08,5.85,5.48
2023-12-11,5.89,5.49
2023-12-12,5.89,5.47
2023-12-13,5.9,5.45
2023-12-14,5.87,5.43
2023-12-15,5.87,5.42
2023-12-18,5.89,5.42
2023-12-19,5.87,5.43
2023-12-20,5.82,5.44
2023-12-21,5.78,5.45
2023-12-22,5.77,5.45
2023-12-25,5.77,5.46
2023-12-26,5.79,5.47
2023-12-27,5.78,5.46
2023-12-28,5.78,5.45
2023-12-29,5.77,5.45
2024-01-01,5.77,5.44
2024-01-02,5.82,5.44
2024-01-03,5.81,5.46
2024-01-04,5.82,5.46
2024-01-05,5.84,5.45
2024-01-08,5.87,5.44
2024-01-09,5.86,5.43
2024-01-10,5.9,5.45
2024-01-11,5.92,5.48
2024-01-12,5.93,5.48
2024-01-15,5.92,5.47
2024-01-16,5.92,5.47
2024-01-17,5.93,5.44
2024-01-18,5.94,5.46
2024-01-19,5.89,5.46
2024-01-22,5.87,5.46
2024-01-23,5.87,5.46
2024-01-24,5.87,5.47
2024-01-25,5.85,5.47
2024-01-26,5.87,5.5
2024-01-29,5.91,5.5
2024-01-30,5.87,5.48
2024-01-31,5.85,5.47
2024-02-01,5.87,5.48
2024-02-02,5.86,5.49
2024-02-05,5.85,5.48
2024-02-06,5.86,5.49
2024-02-07,5.87,5.49
2024-02-08,5.85,5.49
2024-02-09,5.86,5.48
2024-02-12,5.87,5.45
2024-02-13,5.88,5.45
2024-02-14,5.87,5.45
2024-02-15,5.85,5.47
2024-02-16,5.87,5.49
2024-02-19,5.88,5.49
2024-02-20,5.88,5.48
2024-02-21,5.88,5.5
2024-02-22,5.91,5.5
2024-02-23,5.93,5.5
2024-02-26,5.93,5.5
2024-02-27,5.96,5.48
2024-02-28,5.97,5.48
2024-02-29,5.97,5.5
2024-03-01,5.99,5.49
2024-03-04,5.95,5.49
2024-03-05,5.97,5.47
2024-03-06,5.97,5.48
2024-03-07,5.97,5.48
2024-03-08,6.0,5.49
2024-03-11,5.99,5.46
2024-03-12,6.01,5.43
2024-03-13,6.0,5.43
2024-03-14,6.01,5.44
2024-03-15,6.01,5.47
2024-03-18,6.02,5.46
2024-03-19,6.03,5.44
2024-03-20,6.04,5.45
2024-03-21,6.05,5.45
2024-03-22,6.06,5.47
2024-03-25,6.07,5.46
2024-03-26,6.06,5.45
2024-03-27,6.04,5.44
2024-03-28,6.05,5.44
2024-03-29,6.08,5.44
2024-04-01,6.06,5.45
2024-04-02,6.06,5.46
2024-04-03,6.07,5.45
2024-04-04,6.07,5.45
2024-04-05,6.07,5.44
2024-04-08,6.09,5.45
2024-04-09,6.1,5.47
2024-04-10,6.07,5.47
2024-04-11,6.1,5.48
2024-04-12,6.1,5.47
2024-04-15,6.11,5.47
2024-04-16,6.12,5.44
2024-04-17,6.11,5.44
2024-04-18,6.12,5.45
2024-04-19,6.11,5.46
2024-04-22,6.08,5.45
2024-04-23,6.08,5.44
2024-04-24,6.07,5.44
2024-04-25,6.1,5.42
2024-04-26,6.09,5.42
2024-04-29,6.1,5.42
2024-04-30,6.12,5.43
2024-05-01,6.1,5.45
2024-05-02,6.11,5.45
2024-05-03,6.09,5.44
2024-05-06,6.06,5.42
2024-05-07,6.06,5.4
2024-05-08,6.04,5.41
2024-05-09,6.06,5.41
2024-05-10,6.06,5.42
2024-05-13,6.04,5.42
2024-05-14,6.02,5.42
2024-05-15,6.02,5.41
2024-05-16,5.99,5.42
2024-05-17,6.01,5.42
2024-05-20,5.96,5.43
2024-05-21,5.95,5.43
2024-05-22,5.97,5.43
2024-05-23,5.96,5.42
2024-05-24,5.94,5.49
2024-05-27,5.91,5.5
2024-05-28,5.95,5.48
2024-05-29,5.96,5.49
2024-05-30,5.93,5.52
2024-05-31,5.92,5.51
2024-06-03,5.9,5.52
2024-06-04,5.89,5.53
2024-06-05,5.85,5.56
2024-06-06,5.86,5.57
2024-06-07,5.9,5.59
2024-06-10,5.9,5.59
2024-06-11,5.88,5.55
2024-06-12,5.9,5.56
2024-06-13,5.87,5.55
2024-06-14,5.89,5.53
2024-06-17,5.91,5.55
2024-06-18,5.88,5.53
2024-06-19,5.86,5.51
2024-06-20,5.89,5.5
2024-06-21,5.92,5.49
2024-06-24,5.91,5.5
2024-06-25,5.91,5.52
2024-06-26,5.87,5.53
2024-06-27,5.88,5.51
2024-06-28,5.89,5.54
2024-07-01,5.89,5.53
2024-07-02,5.93,5.52
2024-07-03,5.91,5.57
2024-07-04,5.9,5.56
2024-07-05,5.93,5.58
2024-07-08,5.97,5.58
2024-07-09,5.98,5.6
2024-07-10,5.99,5.61
2024-07-11,6.03,5.59
2024-07-12,6.03,5.59
2024-07-15,6.03,5.59
2024-07-16,6.04,5.58
2024-07-17,6.03,5.58
2024-07-18,6.02,5.57
2024-07-19,5.99,5.58
2024-07-22,6.0,5.58
2024-07-23,5.98,5.59
2024-07-24,6.0,5.57
2024-07-25,5.99,5.58
2024-07-26,5.97,5.58
2024-07-29,5.96,5.56
2024-07-30,5.96,5.59
2024-07-31,5.94,5.59
2024-08-01,5.97,5.59
2024-08-02,5.97,5.59
2024-08-05,5.99,5.57
2024-08-06,5.95,5.57
2024-08-07,5.94,5.56
2024-08-08,5.95,5.59
2024-08-09,5.96,5.59
2024-08-12,5.98,5.6
2024-08-13,5.98,5.59
2024-08-14,5.95,5.61
2024-08-15,5.95,5.61
2024-08-16,5.95,5.59
2024-08-19,5.96,5.6
2024-08-20,5.95,5.61
2024-08-21,5.98,5.61
2024-08-22,6.0,5.58
2024-08-23,6.01,5.59
2024-08-26,6.03,5.58
2024-08-27,6.0,5.59
2024-08-28,6.04,5.56
2024-08-29,6.08,5.57
2024-08-30,6.07,5.56
2024-09-02,6.06,5.57
2024-09-03,6.06,5.56
2024-09-04,6.07,5.58
2024-09-05,6.04,5.57
2024-09-06,6.03,5.57
2024-09-09,6.05,5.58
2024-09-10,6.05,5.59
2024-09-11,6.04,5.6
2024-09-12,6.02,5.59
2024-09-13,6.03,5.59
2024-09-16,6.01,5.59
2024-09-17,6.03,5.6
2024-09-18,6.01,5.58
2024-09-19,6.02,5.58
2024-09-20,6.02,5.58
2024-09-23,6.04,5.58
2024-09-24,6.03,5.61
2024-09-25,6.06,5.59
2024-09-26,6.06,5.58
2024-09-27,6.09,5.58
2024-09-30,6.1,5.59
2024-10-01,6.13,5.59
2024-10-02,6.12,5.59
2024-10-03,6.14,5.59
2024-10-04,6.15,5.6
2024-10-07,6.14,5.61
2024-10-08,6.15,5.61
2024-10-09,6.14,5.61
2024-10-10,6.15,5.64
2024-10-11,6.15,5.67
2024-10-14,6.18,5.67
2024-10-15,6.18,5.66
2024-10-16,6.2,5.7
2024-10-17,6.21,5.67
2024-10-18,6.18,5.69
2024-10-21,6.15,5.66
2024-10-22,6.17,5.65
2024-10-23,6.17,5.66
2024-10-24,6.19,5.63
2024-10-25,6.21,5.64
2024-10-28,6.2,5.64
2024-10-29,6.19,5.6
2024-10-30,6.21,5.61
2024-10-31,6.26,5.62
2024-11-01,6.25,5.63
2024-11-04,6.26,5.61
2024-11-05,6.24,5.59
2024-11-06,6.27,5.57
2024-11-07,6.26,5.58
2024-11-08,6.27,5.56
2024-11-11,6.29,5.57
2024-11-12,6.27,5.56
2024-11-13,6.24,5.53
2024-11-14,6.24,5.5
2024-11-15,6.25,5.51
2024-11-18,6.24,5.49
2024-11-19,6.27,5.5
2024-11-20,6.27,5.48
2024-11-21,6.26,5.49
2024-11-22,6.26,5.52
2024-11-25,6.25,5.53
2024-11-26,6.26,5.52
2024-11-27,6.26,5.52
2024-11-28,6.29,5.51
2024-11-29,6.3,5.53
2024-12-02,6.28,5.51
2024-12-03,6.28,5.5
2024-12-04,6.27,5.49
2024-12-05,6.29,5.5
2024-12-06,6.29,5.51
2024-12-09,6.32,5.53
2024-12-10,6.3,5.51
2024-12-11,6.32,5.49
2024-12-12,6.33,5.48
2024-12-13,6.32,5.49
2024-12-16,6.3,5.52
2024-12-17,6.29,5.53
2024-12-18,6.32,5.53
2024-12-19,6.31,5.57
2024-12-20,6.29,5.59
2024-12-23,6.28,5.58
2024-12-24,6.28,5.58
2024-12-25,6.26,5.57
2024-12-26,6.29,5.56
2024-12-27,6.31,5.55
2024-12-30,6.31,5.55
2024-12-31,6.32,5.57
2025-01-01,6.3,5.55
2025-01-02,6.32,5.55
2025-01-03,6.31,5.53
2025-01-06,6.32,5.52
2025-01-07,6.34,5.52
2025-01-08,6.33,5.49
2025-01-09,6.32,5.51
2025-01-10,6.3,5.5
2025-01-13,6.29,5.47
2025-01-14,6.28,5.45
2025-01-15,6.31,5.46
2025-01-16,6.3,5.47
2025-01-17,6.29,5.47
2025-01-20,6.27,5.47
2025-01-21,6.27,5.49
2025-01-22,6.28,5.49
2025-01-23,6.28,5.5
2025-01-24,6.28,5.51
2025-01-27,6.28,5.52
2025-01-28,6.31,5.53
2025-01-29,6.29,5.54
2025-01-30,6.3,5.55
2025-01-31,6.29,5.55
2025-02-03,6.29,5.54
2025-02-04,6.29,5.53
2025-02-05,6.28,5.53
2025-02-06,6.27,5.53
2025-02-07,6.26,5.53
2025-02-10,6.24,5.55
2025-02-11,6.23,5.57
2025-02-12,6.2,5.58
2025-02-13,6.21,5.6
2025-02-14,6.22,5.58
2025-02-17,6.22,5.62
2025-02-18,6.2,5.61
2025-02-19,6.18,5.62
2025-02-20,6.19,5.65
2025-02-21,6.21,5.62
2025-02-24,6.23,5.61
2025-02-25,6.2,5.62
2025-02-26,6.21,5.65
2025-02-27,6.21,5.65
2025-02-28,6.21,5.66
2025-03-03,6.22,5.65
2025-03-04,6.21,5.66
2025-03-05,6.2,5.68
2025-03-06,6.2,5.68
2025-03-07,6.23,5.7
2025-03-10,6.21,5.69
2025-03-11,6.23,5.69
2025-03-12,6.26,5.7
2025-03-13,6.23,5.71
2025-03-14,6.23,5.68
2025-03-17,6.24,5.67
2025-03-18,6.24,5.7
2025-03-19,6.27,5.69
2025-03-20,6.29,5.69
2025-03-21,6.26,5.65
2025-03-24,6.24,5.67
2025-03-25,6.23,5.67
2025-03-26,6.26,5.67
2025-03-27,6.25,5.69
2025-03-28,6.27,5.71
2025-03-31,6.23,5.7
2025-04-01,6.2,5.71
2025-04-02,6.21,5.71
2025-04-03,6.19,5.72
2025-04-04,6.18,5.72
2025-04-07,6.13,5.72
2025-04-08,6.12,5.73
2025-04-09,6.13,5.72
2025-04-10,6.13,5.73
2025-04-11,6.14,5.75
2025-04-14,6.11,5.75
2025-04-15,6.12,5.73
2025-04-16,6.11,5.73
2025-04-17,6.13,5.73
2025-04-18,6.09,5.74
2025-04-21,6.09,5.72
2025-04-22,6.09,5.74
2025-04-23,6.1,5.74
2025-04-24,6.1,5.74
2025-04-25,6.11,5.76
2025-04-28,6.11,5.76
2025-04-29,6.13,5.78
2025-04-30,6.12,5.8
2025-05-01,6.11,5.8
2025-05-02,6.1,5.79
2025-05-05,6.08,5.78
2025-05-06,6.04,5.77
2025-05-07,6.03,5.76
2025-05-08,6.02,5.76
2025-05-09,6.02,5.73
2025-05-12,6.0,5.73
2025-05-13,5.99,5.72
2025-05-14,6.01,5.75
2025-05-15,6.0,5.76
2025-05-16,6.02,5.75
2025-05-19,6.03,5.76
2025-05-20,6.0,5.76
2025-05-21,6.0,5.78
2025-05-22,5.99,5.79
2025-05-23,6.02,5.77
2025-05-26,6.03,5.8
2025-05-27,6.01,5.82
2025-05-28,6.02,5.82
2025-05-29,6.0,5.84
2025-05-30,6.0,5.86
2025-06-02,5.98,5.83
2025-06-03,5.99,5.83
2025-06-04,5.98,5.83
2025-06-05,6.01,5.83
2025-06-06,6.0,5.8
2025-06-09,6.0,5.84
2025-06-10,6.0,5.83
2025-06-11,6.03,5.83
2025-06-12,6.02,5.84
2025-06-13,6.03,5.85
2025-06-16,6.03,5.85
2025-06-17,6.02,5.86
2025-06-18,6.02,5.87
2025-06-19,6.04,5.88
2025-06-20,6.09,5.89
2025-06-23,6.09,5.9
2025-06-24,6.11,5.9
2025-06-25,6.12,5.89
2025-06-26,6.12,5.89
2025-06-27,6.11,5.89
2025-06-30,6.09,5.89
2025-07-01,6.11,5.93
2025-07-02,6.11,5.95
2025-07-03,6.09,5.93
2025-07-04,6.11,5.94
2025-07-07,6.13,5.95
2025-07-08,6.15,5.96
2025-07-09,6.16,5.94
2025-07-10,6.16,5.95
2025-07-11,6.13,5.92
2025-07-14,6.14,5.9
2025-07-15,6.12,5.9
2025-07-16,6.16,5.93
2025-07-17,6.16,5.91
2025-07-18,6.14,5.92
2025-07-21,6.13,5.91
2025-07-22,6.13,5.92
2025-07-23,6.14,5.9
2025-07-24,6.15,5.92
2025-07-25,6.13,5.91
2025-07-28,6.11,5.91
2025-07-29,6.12,5.91
2025-07-30,6.12,5.93
2025-07-31,6.16,5.95
2025-08-01,6.19,5.94
2025-08-04,6.2,5.93
2025-08-05,6.19,5.91
2025-08-06,6.19,5.92
2025-08-07,6.2,5.95
2025-08-08,6.2,5.97
2025-08-11,6.17,5.98
2025-08-12,6.17,5.99
2025-08-13,6.17,5.99
2025-08-14,6.18,5.97
2025-08-15,6.16,5.97
2025-08-18,6.15,5.96
2025-08-19,6.13,5.98
2025-08-20,6.09,6.0
2025-08-21,6.08,6.01
2025-08-22,6.05,6.01
2025-08-25,6.05,6.01
2025-08-26,6.06,6.03
2025-08-27,6.03,6.02
2025-08-28,6.04,6.03
2025-08-29,6.04,6.02
2025-09-01,6.04,6.02
2025-09-02,6.04,6.03
2025-09-03,6.06,6.01
2025-09-04,6.06,6.02
2025-09-05,6.04,6.02
2025-09-08,6.04,6.03
2025-09-09,6.02,6.05
2025-09-10,6.01,6.03
2025-09-11,5.99,6.02
2025-09-12,5.99,6.04
2025-09-15,5.94,6.03
2025-09-16,5.91,6.03
2025-09-17,5.93,6.02
2025-09-18,5.92,6.03
2025-09-19,5.92,6.05
2025-09-22,5.89,6.07
2025-09-23,5.9,6.08
2025-09-24,5.94,6.09
2025-09-25,5.9,6.09
2025-09-26,5.86,6.09
2025-09-29,5.86,6.12
2025-09-30,5.88,6.11
2025-10-01,5.9,6.12
2025-10-02,5.92,6.14
2025-10-03,5.92,6.14
2025-10-06,5.9,6.15
2025-10-07,5.93,6.16
2025-10-08,5.93,6.16
2025-10-09,5.92,6.17
2025-10-10,5.92,6.16
2025-10-13,5.91,6.16
2025-10-14,5.88,6.17
2025-10-15,5.87,6.16
2025-10-16,5.87,6.16
2025-10-17,5.88,6.17
2025-10-20,5.87,6.15
2025-10-21,5.89,6.17
2025-10-22,5.89,6.18
2025-10-23,5.89,6.18
2025-10-24,5.9,6.17
2025-10-27,5.88,6.11
2025-10-28,5.88,6.11
2025-10-29,5.86,6.1
2025-10-30,5.89,6.08
2025-10-31,5.87,6.07
2025-11-03,5.88,6.08
2025-11-04,5.9,6.08
2025-11-05,5.86,6.08
2025-11-06,5.85,6.08
2025-11-07,5.84,6.06
2025-11-10,5.84,6.07
2025-11-11,5.84,6.07
2025-11-12,5.86,6.08
2025-11-13,5.83,6.08
2025-11-14,5.86,6.06
2025-11-17,5.82,6.05
2025-11-18,5.79,6.07
2025-11-19,5.79,6.04
2025-11-20,5.77,6.03
2025-11-21,5.79,6.04
2025-11-24,5.83,6.03
2025-11-25,5.82,6.05
2025-11-26,5.81,6.05
2025-11-27,5.81,6.06
2025-11-28,5.81,6.06
2025-12-01,5.82,6.04
2025-12-02,5.83,6.03
2025-12-03,5.84,6.01
2025-12-04,5.84,6.0
2025-12-05,5.83,6.01
2025-12-08,5.85,6.02
2025-12-09,5.86,6.02
2025-12-10,5.87,6.02
2025-12-11,5.86,6.03
2025-12-12,5.84,6.05
2025-12-15,5.89,6.04
2025-12-16,5.89,6.05
2025-12-17,5.88,6.04
2025-12-18,5.89,6.05
2025-12-19,5.87,6.09
2025-12-22,5.86,6.1
2025-12-23,5.87,6.1
2025-12-24,5.86,6.09
2025-12-25,5.84,6.08
2025-12-26,5.83,6.07
2025-12-29,5.85,6.08
2025-12-30,5.85,6.13
2025-12-31,5.85,6.13
2026-01-01,5.88,6.14
2026-01-02,5.88,6.15
2026-01-05,5.85,6.17
2026-01-06,5.85,6.16
2026-01-07,5.8,6.15
2026-01-08,5.81,6.14
2026-01-09,5.83,6.14
2026-01-12,5.83,6.14
2026-01-13,5.82,6.15
2026-01-14,5.8,6.16
2026-01-15,5.8,6.14
2026-01-16,5.82,6.13
2026-01-19,5.8,6.15
2026-01-20,5.79,6.15
2026-01-21,5.81,6.15
2026-01-22,5.81,6.14
2026-01-23,5.82,6.16
2026-01-26,5.8,6.14
2026-01-27,5.77,6.16
2026-01-28,5.81,6.15
2026-01-29,5.77,6.15
2026-01-30,5.77,6.14
